seed;step;episode;run;q_sum;per_task_q;computation_time
1;1000;2;run1;0.0;[0.0, 0.0, 0.0];0.079655075998744
1;2000;4;run1;0.0;[0.0, 0.0, 0.0];0.15472574299928965
1;3000;6;run1;0.0;[0.0, 0.0, 0.0];0.22926685799757252
1;4000;8;run1;0.0;[0.0, 0.0, 0.0];0.30606378999800654
1;5000;10;run1;0.0;[0.0, 0.0, 0.0];0.3803274710007827
1;6000;12;run1;1.7438171851638066e-09;[0.0, 0.0, 1.7438171851638066e-09];0.45531525099795545
1;7000;14;run1;1.1112632272175845e-08;[0.0, 0.0, 1.1112632272175845e-08];0.5340362999995705
1;8000;16;run1;5.499957976580351e-08;[0.0, 0.0, 5.499957976580351e-08];0.6108460350005771
1;9000;18;run1;1.7587074101466504e-07;[0.0, 0.0, 1.7587074101466504e-07];0.7073645659984322
1;10000;20;run1;4.5131957740630666e-07;[0.0, 0.0, 4.5131957740630666e-07];0.7857480980019318
1;11000;22;run1;2.3749659531917244e-06;[0.0, 0.0, 2.3749659531917244e-06];0.86209420600062
1;12000;24;run1;5.174244973899835e-06;[0.0, 0.0, 5.174244973899835e-06];0.9382949499995448
1;13000;26;run1;1.4705241170599329e-05;[0.0, 0.0, 1.4705241170599329e-05];1.014464895000856
1;14000;28;run1;3.1953337349798904e-05;[0.0, 0.0, 3.1953337349798904e-05];1.0909949709966895
1;15000;30;run1;5.442254572462893e-05;[0.0, 0.0, 5.442254572462893e-05];1.166978373999882
1;16000;32;run1;8.276631778134659e-05;[0.0, 0.0, 8.276631778134659e-05];1.2421286210010294
1;17000;34;run1;0.00013129215402697352;[0.0, 0.0, 0.00013129215402697352];1.3157385059967055
1;18000;36;run1;0.00021253570736680662;[0.0, 0.0, 0.00021253570736680662];1.389373607999005
1;19000;38;run1;0.0004075407138432079;[0.0, 0.0, 0.0004075407138432079];1.4624222420025035
1;20000;40;run1;0.0004447441987949866;[0.0, 0.0, 0.0004447441987949866];1.5360174180023023
1;21000;42;run1;0.0004447441987949866;[0.0, 0.0, 0.0004447441987949866];1.609239017998334
1;22000;44;run1;0.0006544864105883703;[0.0, 0.0, 0.0006544864105883703];1.683013595000375
1;23000;46;run1;0.0007962433176785918;[0.0, 0.0, 0.0007962433176785918];1.7571667469965178
1;24000;48;run1;0.0014476165736053651;[0.0, 0.0, 0.0014476165736053651];1.8307573350029998
1;25000;50;run1;0.0033481008536264917;[0.0, 0.0, 0.0033481008536264917];1.9044177839969052
1;26000;52;run1;0.005376660957639007;[0.0, 0.0, 0.005376660957639007];1.9787481509993086
1;27000;54;run1;0.005376660957639007;[0.0, 0.0, 0.005376660957639007];2.0523310450007557
1;28000;56;run1;0.016567551132191737;[0.0, 0.0, 0.016567551132191737];2.1271547650030698
1;29000;58;run1;0.026852357793046976;[0.0, 0.0, 0.026852357793046976];2.200550995003141
1;30000;60;run1;0.03636687038632025;[0.0, 0.0, 0.03636687038632025];2.274141592999513
1;31000;62;run1;0.03636687038632025;[0.0, 0.0, 0.03636687038632025];2.3471531870018225
1;32000;64;run1;0.03996899841700018;[0.0, 0.0, 0.03996899841700018];2.4199775960005354
1;33000;66;run1;0.04865031259159512;[0.0, 0.0, 0.04865031259159512];2.4927068749966566
1;34000;68;run1;0.04865031259159512;[0.0, 0.0, 0.04865031259159512];2.5671359789994312
1;35000;70;run1;0.05679556971437122;[0.0, 0.0, 0.05679556971437122];2.640700727002695
1;36000;72;run1;0.06756171947056101;[0.0, 0.0, 0.06756171947056101];2.7141305710028973
1;37000;74;run1;0.07546725948190813;[0.0, 0.0, 0.07546725948190813];2.786965439998312
1;38000;76;run1;0.09886418368405539;[0.0, 0.0, 0.09886418368405539];2.860142566001741
1;39000;78;run1;0.1179740025767162;[0.0, 0.0, 0.1179740025767162];2.9341951180031174
1;40000;80;run1;0.1322481197643681;[0.0, 0.0, 0.1322481197643681];3.0092348660036805
1;41000;82;run1;0.15504716091604628;[0.0, 0.0, 0.15504716091604628];3.0852756059975945
1;42000;84;run1;0.18273572082607017;[0.0, 0.0, 0.18273572082607017];3.164726985996822
1;43000;86;run1;0.21435170658843064;[0.0, 0.0, 0.21435170658843064];3.2410395609986153
1;44000;89;run1;0.24032041814565339;[0.0, 0.0, 0.24032041814565339];3.352920659999654
1;45000;91;run1;0.2543517062161771;[0.0, 0.0, 0.2543517062161771];3.4295941059972392
1;46000;93;run1;0.26928214233743875;[0.0, 0.0, 0.26928214233743875];3.5063584960007574
1;47000;95;run1;0.2892804018875523;[0.0, 0.0, 0.2892804018875523];3.5818418720009504
1;48000;97;run1;0.3166254349591115;[0.0, 0.0, 0.3166254349591115];3.656173581002804
1;49000;99;run1;0.33634774932799405;[0.0, 0.0, 0.33634774932799405];3.730864459001168
1;50000;101;run1;0.34899744667380966;[0.0, 0.0, 0.34899744667380966];3.805358215002343
1;51000;103;run1;0.3550685191049975;[0.0, 0.0, 0.3550685191049975];3.8805411430003005
1;52000;105;run1;0.3654500529623287;[0.0, 0.0, 0.3654500529623287];3.9551603150030132
1;53000;107;run1;0.38377472973203836;[0.0, 0.0, 0.38377472973203836];4.029591603000881
1;54000;109;run1;0.3925346428499785;[0.0, 0.0, 0.3925346428499785];4.103832781001984
1;55000;111;run1;0.4015960400965015;[0.0, 0.0, 0.4015960400965015];4.177625199998147
1;56000;113;run1;0.4107461611433485;[0.0, 0.0, 0.4107461611433485];4.251081244001398
1;57000;115;run1;0.4202072124139023;[0.0, 0.0, 0.4202072124139023];4.32359425300092
1;58000;117;run1;0.42963763467720184;[0.0, 0.0, 0.42963763467720184];4.396031340002082
1;59000;119;run1;0.43855647822635546;[0.0, 0.0, 0.43855647822635546];4.468412971997168
1;60000;121;run1;0.4597488415976032;[0.0, 0.0, 0.4597488415976032];4.5404768619991955
1;61000;123;run1;0.4761620618534247;[0.0, 0.0, 0.4761620618534247];4.612392212002305
1;62000;125;run1;0.4761620618534247;[0.0, 0.0, 0.4761620618534247];4.68548986800306
1;63000;127;run1;0.48207328831934426;[0.0, 0.0, 0.48207328831934426];4.758359482002561
1;64000;129;run1;0.49082912070510465;[0.0, 0.0, 0.49082912070510465];4.83137262800301
1;65000;131;run1;0.5042498180459992;[0.0, 0.0, 0.5042498180459992];4.904559180999058
1;66000;133;run1;0.505077490299403;[0.0, 0.0, 0.505077490299403];4.977700137998909
1;67000;135;run1;0.5067335967205687;[0.0, 0.0, 0.5067335967205687];5.051387769999565
1;68000;137;run1;0.5067335967205687;[0.0, 0.0, 0.5067335967205687];5.124639827001374
1;69000;139;run1;0.5092914213589766;[0.0, 0.0, 0.5092914213589766];5.19812846199784
1;70000;141;run1;0.5117650185134003;[0.0, 0.0, 0.5117650185134003];5.272362276002241
1;71000;143;run1;0.5117650185134003;[0.0, 0.0, 0.5117650185134003];5.34659282299981
1;72000;145;run1;0.5126307285713886;[0.0, 0.0, 0.5126307285713886];5.420702312003414
1;73000;147;run1;0.5146262103657012;[0.0, 0.0, 0.5146262103657012];5.493449644003704
1;74000;149;run1;0.5166110271781827;[0.0, 0.0, 0.5166110271781827];5.56610009400174
1;75000;151;run1;0.5194812745083758;[0.0, 0.0, 0.5194812745083758];5.638982593001856
1;76000;153;run1;0.5223335450758716;[0.0, 0.0, 0.5223335450758716];5.712630308000371
1;77000;155;run1;0.5241160508868374;[0.0, 0.0, 0.5241160508868374];5.786577218997991
1;78000;157;run1;0.5272274720097943;[0.0, 0.0, 0.5272274720097943];5.860327929003688
1;79000;159;run1;0.5289833800694507;[0.0, 0.0, 0.5289833800694507];5.933229353002389
1;80000;161;run1;0.5320397456548119;[0.0, 0.0, 0.5320397456548119];6.005838504999701
1;81000;163;run1;0.532795550652025;[0.0, 0.0, 0.532795550652025];6.079511547999573
1;82000;165;run1;0.5332841257252036;[0.0, 0.0, 0.5332841257252036];6.153245185996639
1;83000;167;run1;0.5332841257252036;[0.0, 0.0, 0.5332841257252036];6.22703577199718
1;84000;169;run1;0.5335266162732945;[0.0, 0.0, 0.5335266162732945];6.300746485998388
1;85000;171;run1;0.5340379975863899;[0.0, 0.0, 0.5340379975863899];6.374408158000733
1;86000;173;run1;0.5345217912493431;[0.0, 0.0, 0.5345217912493431];6.448435912003333
1;87000;175;run1;0.5349953528311825;[0.0, 0.0, 0.5349953528311825];6.5221717539971
1;88000;177;run1;0.5356700225102178;[0.0, 0.0, 0.5356700225102178];6.595773029999691
1;89000;179;run1;0.5364283684437376;[0.0, 0.0, 0.5364283684437376];6.670172698002716
1;90000;181;run1;0.5369134785262906;[0.0, 0.0, 0.5369134785262906];6.745131481999124
1;91000;183;run1;0.5373583719245808;[0.0, 0.0, 0.5373583719245808];6.819553341003484
1;92000;185;run1;0.5378483741722075;[0.0, 0.0, 0.5378483741722075];6.893455377001374
1;93000;187;run1;0.5382317823653486;[0.0, 0.0, 0.5382317823653486];6.969732835001196
1;94000;189;run1;0.5385514702257348;[0.0, 0.0, 0.5385514702257348];7.045998210000107
1;95000;191;run1;0.53870011552301;[0.0, 0.0, 0.53870011552301];7.120775841001887
1;96000;193;run1;0.5387713906376911;[0.0, 0.0, 0.5387713906376911];7.195889287999307
1;97000;195;run1;0.5388408482318104;[0.0, 0.0, 0.5388408482318104];7.270470538001973
1;98000;197;run1;0.5389699080263711;[0.0, 0.0, 0.5389699080263711];7.34508283699688
1;99000;199;run1;0.5390249282545786;[0.0, 0.0, 0.5390249282545786];7.39064508699812
1;100000;202;run1;0.5391352436349077;[0.0, 0.0, 0.5391352436349077];7.466641612998501
1;101000;206;run1;0.5394247058650544;[0.0, 0.0, 0.5394247058650544];7.573116519000905
1;102000;208;run1;0.5395071033986439;[0.0, 0.0, 0.5395071033986439];7.61579760099994
1;103000;211;run1;0.5395478978026914;[0.0, 0.0, 0.5395478978026914];7.694133871998929
1;104000;214;run1;0.5396711749574046;[0.0, 0.0, 0.5396711749574046];7.773228926998854
1;105000;217;run1;0.5398051439081822;[0.0, 0.0, 0.5398051439081822];7.85373170299863
1;106000;220;run1;0.539891605452672;[0.0, 0.0, 0.539891605452672];7.930260105000343
1;107000;223;run1;0.5400373758103599;[0.0, 0.0, 0.5400373758103599];8.008803898002952
1;108000;227;run1;0.5400892236238105;[1.5102977647699698e-17, 0.0, 0.5400892236238105];8.090756857003726
1;109000;229;run1;0.5400892236238113;[8.221185946792514e-16, 0.0, 0.5400892236238105];8.13272270699963
1;110000;233;run1;0.5401356386307842;[5.698937102430865e-14, 0.0, 0.5401356386307272];8.211861393996514
1;111000;236;run1;0.5401356386324362;[1.7089808830343212e-12, 0.0, 0.5401356386307272];8.289446333998058
1;112000;242;run1;0.540202975878039;[2.8117718783678476e-10, 0.0, 0.5402029755968618];8.372330723999767
1;113000;245;run1;0.5402447270309103;[3.2380287419934958e-09, 0.0, 0.5402447237928816];8.448394888000621
1;114000;251;run1;0.5402846079188843;[2.1245976087307573e-08, 0.0, 0.5402845866729082];8.533406219001336
1;115000;254;run1;0.5402915046162796;[3.729977985129625e-08, 0.0, 0.5402914673164998];8.578163186997699
1;116000;257;run1;0.5403065774274518;[7.27706050276294e-08, 0.0, 0.5403065046568468];8.655759437002416
1;117000;262;run1;0.540364744405994;[3.8173780624197625e-07, 0.0, 0.5403643626681878];8.739722897997126
1;118000;265;run1;0.5403858663886085;[5.42641918409147e-07, 0.0, 0.5403853237466901];8.815045780000219
1;119000;268;run1;0.5404159601770789;[7.956066377969133e-07, 0.0, 0.5404151645704411];8.89149491200078
1;120000;271;run1;0.5404677465879747;[1.234528774829104e-06, 0.0, 0.5404665120591998];8.967739567000535
1;121000;274;run1;0.5405082882150336;[1.6084057220015936e-06, 0.0, 0.5405066798093116];9.045294520001335
1;122000;277;run1;0.540549472377351;[2.0113670816456854e-06, 0.0, 0.5405474610102693];9.088713527002255
1;123000;281;run1;0.5406782091236759;[3.3672679066089546e-06, 0.0, 0.5406748418557693];9.168448912998429
1;124000;286;run1;0.5408177393564558;[4.916155083661086e-06, 0.0, 0.5408128232013721];9.251705326001684
1;125000;290;run1;0.5410092664857671;[7.307990057566326e-06, 0.0, 0.5410019584957095];9.331645808997564
1;126000;293;run1;0.5410092664857671;[7.307990057566326e-06, 0.0, 0.5410019584957095];9.415598699000839
1;127000;296;run1;0.5410904931002949;[1.087992987418544e-05, 0.0, 0.5410796131704207];9.49296901300113
1;128000;299;run1;0.5413095671467422;[1.3308537444235114e-05, 0.0, 0.541296258609298];9.537729107003543
1;129000;302;run1;0.5416267353534873;[2.3449974553612484e-05, 0.0, 0.5416032853789337];9.619304209998518
1;130000;305;run1;0.5427171817847626;[8.517674887573697e-05, 0.0, 0.5426320050358868];9.698425194001175
1;131000;310;run1;0.5459456160629582;[0.0003549217998268887, 0.0, 0.5455906942631313];9.787468278002052
1;132000;314;run1;0.5466827366380194;[0.0004317377275800859, 0.0, 0.5462509989104393];9.88103900400165
1;133000;317;run1;0.5485091522430466;[0.0006397966221314644, 0.0, 0.5478693556209152];9.967115949999425
1;134000;320;run1;0.5503335332972809;[0.000857307246193498, 0.0, 0.5494762260510874];10.04435616700357
1;135000;323;run1;0.5528122744856447;[0.001161897225976953, 0.0, 0.5516503772596678];10.089708200001041
1;136000;326;run1;0.5560216346739816;[0.0015648120974517793, 0.0, 0.5544568225765298];10.169020845001796
1;137000;331;run1;0.5646720623189048;[0.002650929921176142, 0.0, 0.5620211323977287];10.255586195999058
1;138000;334;run1;0.5646720623189048;[0.002650929921176142, 0.0, 0.5620211323977287];10.333701618001214
1;139000;338;run1;0.5710818962365507;[0.00344333050978708, 0.0, 0.5676385657267636];10.41392876199825
1;140000;341;run1;0.5743581402759138;[0.003843402622424485, 0.0, 0.5705147376534894];10.49170052500267
1;141000;344;run1;0.5888651454407825;[0.005558779198173803, 0.0, 0.5833063662426087];10.567751292997855
1;142000;346;run1;0.5909992879738718;[0.005808767384026717, 0.0, 0.5851905205898451];10.611204054999689
1;143000;349;run1;0.6005147351751778;[0.006929675753931233, 0.0, 0.5935850594212466];10.697952961003466
1;144000;352;run1;0.6098973472560398;[0.008069132586213893, 0.0, 0.601828214669826];10.790890048003348
1;145000;355;run1;0.6198560822594553;[0.009345594347782886, 0.0, 0.6105104879116724];10.883596990002843
1;146000;359;run1;0.6365763932693546;[0.01168070789658117, 0.0, 0.6248956853727734];10.97346966299665
1;147000;362;run1;0.64799458680046;[0.013447085161283392, 0.0, 0.6345475016391766];11.060452281002654
1;148000;365;run1;0.6604378522286218;[0.015528123308753118, 0.0, 0.6449097289198688];11.151380709998193
1;149000;370;run1;0.695405577445481;[0.02208359303335766, 0.0, 0.6733219844121234];11.260452155001985
1;150000;373;run1;0.7090059462906548;[0.02492841767457589, 0.0, 0.684077528616079];11.357571610002196
1;151000;376;run1;0.7196495320899751;[0.027391942814116707, 0.0, 0.6922575892758583];11.411802700997214
1;152000;380;run1;0.7286329075913902;[0.02975588653706725, 0.0, 0.6988770210543229];11.513875912998628
1;153000;385;run1;0.7684339808434063;[0.04225014374626569, 0.0, 0.7261838370971406];11.619350095003028
1;154000;388;run1;0.7809458432655436;[0.04665608693968698, 0.0, 0.7342897563258567];11.715128443996946
1;155000;391;run1;0.8081678743367489;[0.0568891922196495, 0.0, 0.7512786821170994];11.805022808002832
1;156000;395;run1;0.8395618192346509;[0.06932989201420961, 0.0, 0.7702319272204413];11.903136603999883
1;157000;400;run1;0.8556724863697428;[0.0759666766384278, 0.0, 0.779705809731315];12.001665322997724
1;158000;402;run1;0.866173933130189;[0.08044552447681554, 0.0, 0.7857284086533735];12.056772561001708
1;159000;404;run1;0.8768518149065488;[0.08513826591930809, 0.0, 0.7917135489872408];12.153101180003432
1;160000;407;run1;0.8930084917548422;[0.09270935795397367, 0.0, 0.8002991338008685];12.245631609002885
1;161000;412;run1;0.9330942155979205;[0.1117341116638448, 0.0, 0.8213601039340757];12.330981639999663
1;162000;415;run1;0.9435341479344899;[0.11689205257852216, 0.0, 0.8266420953559677];12.410399043001235
1;163000;418;run1;0.9637686280071791;[0.12714191312425102, 0.0, 0.8366267148829281];12.490245558001334
1;164000;421;run1;0.9800907178403262;[0.13567882313190796, 0.0, 0.8444118947084183];12.57006079400162
1;165000;424;run1;1.0008998050150568;[0.14674614761600058, 0.0, 0.8541536573990561];12.64728021100018
1;166000;427;run1;1.0154425976236465;[0.15457279737017168, 0.0, 0.8608698002534748];12.726995639000961
1;167000;430;run1;1.033755006875828;[0.16456557708034958, 0.0, 0.8691894297954786];12.808900094998535
1;168000;434;run1;1.0628759586779346;[0.1808799002008657, 0.0, 0.8819960584770689];12.907058103002782
1;169000;436;run1;1.0628759586779346;[0.1808799002008657, 0.0, 0.8819960584770689];12.951428107997344
1;170000;439;run1;1.0687130959946953;[0.1842644821552986, 0.0, 0.8844486138393967];13.036360600002808
1;171000;443;run1;1.0795851972676158;[0.1909409136833402, 0.0, 0.8886442835842755];13.124279278003087
1;172000;448;run1;1.1034027401772752;[0.20627251819011913, 0.0, 0.8971302219871562];13.210532336001052
1;173000;451;run1;1.1166054555732852;[0.2150933598228596, 0.0, 0.9015120957504257];13.29153986700112
1;174000;455;run1;1.1325505140943752;[0.22621509997945252, 0.0, 0.9063354141149227];13.376430869000615
1;175000;458;run1;1.1398531445433204;[0.23153183884581685, 0.0, 0.9083213056975037];13.459172959002899
1;176000;460;run1;1.142533887594789;[0.23351856723913966, 0.0, 0.9090153203556495];13.501919875998283
1;177000;463;run1;1.1504483168795583;[0.23944325543452954, 0.0, 0.9110050614450288];13.582014419996995
1;178000;467;run1;1.1596343034471117;[0.24647378165774086, 0.0, 0.9131605217893709];13.66688002400042
1;179000;472;run1;1.1734200424468628;[0.2572170913858507, 0.0, 0.9162029510610121];13.75440293399879
1;180000;475;run1;1.1831704596047237;[0.26490677540051477, 0.0, 0.918263684204209];13.83315096199658
1;181000;478;run1;1.1921919988921608;[0.27208688735059794, 0.0, 0.9201051115415628];13.910886926001695
1;182000;481;run1;1.2003894752964581;[0.27866181778676447, 0.0, 0.9217276575096935];13.987882909998007
1;183000;485;run1;1.2076435380255344;[0.28451289453676903, 0.0, 0.9231306434887654];14.055067904999305
1;184000;488;run1;1.2173742595446022;[0.2924178972174262, 0.0, 0.924956362327176];14.136028596003598
1;185000;494;run1;1.2324082050025273;[0.30469135509537626, 0.0, 0.927716849907151];14.224517442002252
1;186000;496;run1;1.2341093270112273;[0.30608340501208015, 0.0, 0.9280259219991472];14.26735143300175
1;187000;500;run1;1.2409719724368937;[0.3117290084324238, 0.0, 0.92924296400447];14.348871080997924
1;188000;503;run1;1.2456262565424594;[0.315584835752564, 0.0, 0.9300414207898954];14.42546420400322
1;189000;509;run1;1.253867577191143;[0.3225009433575891, 0.0, 0.9313666338335539];14.514414090997889
1;190000;512;run1;1.2596233277944289;[0.32744483372291916, 0.0, 0.9321784940715097];14.592394988001615
1;191000;515;run1;1.2638043190197836;[0.3310825013670487, 0.0, 0.932721817652735];14.671943489003752
1;192000;518;run1;1.267931736264233;[0.3347138723602394, 0.0, 0.9332178639039935];14.74996230800025
1;193000;521;run1;1.2755375874171788;[0.34149407515143265, 0.0, 0.9340435122657462];14.794712312002957
1;194000;524;run1;1.2786995836317518;[0.3443390303827988, 0.0, 0.934360553248953];14.87193021600251
1;195000;529;run1;1.2831310702605982;[0.34836993940747213, 0.0, 0.9347611308531261];14.953499046998331
1;196000;533;run1;1.2908751618539496;[0.35549336847164914, 0.0, 0.9353817933823003];15.036129735999566
1;197000;536;run1;1.295427839477437;[0.3597088880294537, 0.0, 0.9357189514479832];15.113034198002424
1;198000;540;run1;1.2986212219506084;[0.3626788578292914, 0.0, 0.9359423641213169];15.16008598299959
1;199000;542;run1;1.3014594459230349;[0.3653285085714493, 0.0, 0.9361309373515857];15.235382835002383
1;200000;548;run1;1.307874004981243;[0.3713584620811302, 0.0, 0.9365155429001126];15.321271574001003
1;201000;551;run1;1.309689505605767;[0.3730801135886764, 0.0, 0.9366093920170906];15.39889150900126
1;202000;554;run1;1.3111175203415468;[0.37444026712125406, 0.0, 0.9366772532202928];15.475353283000004
1;203000;560;run1;1.314637705685133;[0.37780492472794797, 0.0, 0.936832780957185];15.562533144002373
1;204000;563;run1;1.3159233953529452;[0.3790394933885396, 0.0, 0.9368839019644055];15.639614168998378
1;205000;566;run1;1.3172832821927247;[0.3803475100100411, 0.0, 0.9369357721826836];15.683683014998678
1;206000;569;run1;1.318635000719054;[0.3816490505691463, 0.0, 0.9369859501499076];15.761281168001005
1;207000;575;run1;1.3205072166769747;[0.38345228063870274, 0.0, 0.9370549360382718];15.850592018003226
1;208000;581;run1;1.322228592118816;[0.3851097213433044, 0.0, 0.9371188707755115];15.941948765001143
1;209000;584;run1;1.3238524513277405;[0.38667174536298154, 0.0, 0.937180705964759];16.033670072996756
1;210000;587;run1;1.3245143263456916;[0.38730761912414946, 0.0, 0.9372067072215422];16.11357323399716
1;211000;590;run1;1.3258603738435242;[0.3885985963128511, 0.0, 0.9372617775306732];16.15817552900262
1;212000;593;run1;1.3263497787795329;[0.38906732237473474, 0.0, 0.9372824564047981];16.238278206998075
1;213000;596;run1;1.3268574360957788;[0.38955316543785307, 0.0, 0.9373042706579257];16.31776116399851
1;214000;602;run1;1.3279869935774058;[0.3906343942677982, 0.0, 0.9373525993096077];16.408111678996647
1;215000;605;run1;1.3285012373539673;[0.3911270166754156, 0.0, 0.9373742206785518];16.487798230999033
1;216000;608;run1;1.3292985617886435;[0.3918921149043286, 0.0, 0.9374064468843148];16.567163865998737
1;217000;611;run1;1.3298139676770604;[0.39238758239679594, 0.0, 0.9374263852802646];16.644526935000613
1;218000;615;run1;1.3301434906728584;[0.3927046070815712, 0.0, 0.9374388835912871];16.69323070399696
1;219000;617;run1;1.3306851141827427;[0.3932266502223079, 0.0, 0.9374584639604348];16.76914587400097
1;220000;620;run1;1.331004010652003;[0.39353452817058654, 0.0, 0.9374694824814163];16.848691220002365
1;221000;623;run1;1.3313046074603054;[0.39382503866486307, 0.0, 0.9374795687954425];16.927733021999302
1;222000;626;run1;1.3314921144008238;[0.3940064134564815, 0.0, 0.9374857009443422];17.005598860996542
1;223000;629;run1;1.3318447590510256;[0.3943478908304383, 0.0, 0.9374968682205873];17.082895332998305
1;224000;632;run1;1.332156347000243;[0.3946499352030464, 0.0, 0.9375064117971967];17.16032053899835
1;225000;635;run1;1.3322965711384371;[0.3947859443071784, 0.0, 0.9375106268312587];17.238783467000758
1;226000;641;run1;1.3326163607198185;[0.39509624661275816, 0.0, 0.9375201141070604];17.32557880099921
1;227000;645;run1;1.3328441081757278;[0.3953172737151169, 0.0, 0.937526834460611];17.373147803999018
1;228000;647;run1;1.3328986522904953;[0.3953702071815591, 0.0, 0.9375284451089362];17.449103872000705
1;229000;650;run1;1.3331141442413397;[0.39557931751318104, 0.0, 0.9375348267281586];17.52820869399875
1;230000;655;run1;1.3332976606417999;[0.3957573839306282, 0.0, 0.9375402767111718];17.615458966996812
1;231000;659;run1;1.3334834856677822;[0.39593769965737324, 0.0, 0.9375457860104088];17.697851283999626
1;232000;664;run1;1.3337013156606863;[0.39614920558901034, 0.0, 0.9375521100716759];17.78459592100262
1;233000;666;run1;1.333794017866787;[0.39623927266525977, 0.0, 0.9375547452015273];17.826413429997046
1;234000;670;run1;1.333794017866787;[0.39623927266525977, 0.0, 0.9375547452015273];17.91072509699734
1;235000;673;run1;1.333882842380139;[0.39632565746377785, 0.0, 0.9375571849163612];17.99065338500077
1;236000;676;run1;1.333985092042425;[0.3964252050895082, 0.0, 0.9375598869529167];18.070827809002367
1;237000;679;run1;1.3340329587674291;[0.3964718608359357, 0.0, 0.9375610979314934];18.147911148000276
1;238000;682;run1;1.3340573152639639;[0.3964956195314417, 0.0, 0.9375616957325222];18.225722754003073
1;239000;686;run1;1.3341742268426793;[0.39660977773102574, 0.0, 0.9375644491116535];18.307011415003217
1;240000;690;run1;1.334322908083386;[0.3967550881379923, 0.0, 0.9375678199453937];18.35467579899705
1;241000;692;run1;1.3343439875235013;[0.3967757053601839, 0.0, 0.9375682821633172];18.429639401001623
1;242000;695;run1;1.3343984932006954;[0.39682904171034233, 0.0, 0.937569451490353];18.50976315799926
1;243000;700;run1;1.3344345371231234;[0.3968643324796567, 0.0, 0.9375702046434667];18.597161331003008
1;244000;703;run1;1.334461309386488;[0.39689055964076847, 0.0, 0.9375707497457197];18.67659620699851
1;245000;706;run1;1.3344826815344588;[0.39691150253590984, 0.0, 0.937571178998549];18.756789516002755
1;246000;709;run1;1.3345073515141364;[0.3969356964926997, 0.0, 0.9375716550214366];18.837214532999496
1;247000;713;run1;1.33452544412301;[0.3969534576325366, 0.0, 0.9375719864904736];18.918390471000748
1;248000;716;run1;1.334534791195051;[0.3969626428942289, 0.0, 0.9375721483008219];18.99716833399725
1;249000;719;run1;1.3345526343336105;[0.39698019102620036, 0.0, 0.9375724433074102];19.07668590600224
1;250000;721;run1;1.3345576153209548;[0.396985095098477, 0.0, 0.937572520222478];19.12046094499965
1;251000;725;run1;1.3345846198542624;[0.39701170335655717, 0.0, 0.9375729164977051];19.20046330399782
1;252000;728;run1;1.3346039899238373;[0.3970308132320893, 0.0, 0.9375731766917481];19.278788721996534
1;253000;731;run1;1.3346176368984684;[0.3970442894565409, 0.0, 0.9375733474419276];19.356714654000825
1;254000;734;run1;1.3346233277455652;[0.3970499112662333, 0.0, 0.937573416479332];19.435773678997066
1;255000;737;run1;1.334633286086761;[0.39705975888621015, 0.0, 0.9375735272005508];19.51556260399957
1;256000;740;run1;1.3346423847118019;[0.3970687612188336, 0.0, 0.9375736234929682];19.594412822996674
1;257000;743;run1;1.3346423847118019;[0.3970687612188336, 0.0, 0.9375736234929682];19.67359191399737
1;258000;746;run1;1.3346527011594729;[0.39707897805551495, 0.0, 0.9375737231039579];19.751776826000423
1;259000;751;run1;1.3346731516010626;[0.3970992501941088, 0.0, 0.9375739014069538];19.83969506200083
1;260000;753;run1;1.3346820169710347;[0.3971080442700178, 0.0, 0.9375739727010168];19.88005800999963
1;261000;755;run1;1.334691256862044;[0.39711721655746823, 0.0, 0.9375740403045756];19.95588516400312
1;262000;760;run1;1.334712842593062;[0.39713866016358457, 0.0, 0.9375741824294777];20.041668322999612
1;263000;763;run1;1.3347181769920826;[0.3971439633864219, 0.0, 0.9375742136056607];20.12053034499695
1;264000;766;run1;1.3347242848644698;[0.39715003815599265, 0.0, 0.9375742467084771];20.198137453997333
1;265000;769;run1;1.334729956733082;[0.39715568284631386, 0.0, 0.9375742738867681];20.27786851899873
1;266000;772;run1;1.334734753545512;[0.397160458563204, 0.0, 0.9375742949823082];20.357586430000083
1;267000;775;run1;1.3347409512543142;[0.3971666329000409, 0.0, 0.9375743183542734];20.43796318599925
1;268000;778;run1;1.3347465089671382;[0.39717217183330894, 0.0, 0.9375743371338292];20.527351711003575
1;269000;781;run1;1.3347484603368436;[0.3971741170281725, 0.0, 0.9375743433086711];20.610083419996954
1;270000;783;run1;1.3347525232474804;[0.39717816772025505, 0.0, 0.9375743555272253];20.653791552998882
1;271000;785;run1;1.3347546887705684;[0.3971803272605684, 0.0, 0.9375743615099998];20.733116581002832
1;272000;788;run1;1.3347567310346318;[0.3971823642888414, 0.0, 0.9375743667457904];20.812255035001726
1;273000;791;run1;1.334759207271987;[0.3971848350491612, 0.0, 0.9375743722228258];20.894111267996777
1;274000;796;run1;1.3347643401085991;[0.3971899574791011, 0.0, 0.937574382629498];20.98288662399864
1;275000;799;run1;1.3347662962722833;[0.39719191011132826, 0.0, 0.9375743861609549];21.0606683540027
1;276000;802;run1;1.334768631989223;[0.39719424210298, 0.0, 0.937574389886243];21.13919602399983
1;277000;806;run1;1.3347703178385135;[0.39719592550983784, 0.0, 0.9375743923286757];21.223770456999773
1;278000;809;run1;1.3347725730115618;[0.3971981777247795, 0.0, 0.9375743952867824];21.268009353996604
1;279000;812;run1;1.3347739939384926;[0.3971995969715788, 0.0, 0.9375743969669138];21.348264049003774
1;280000;815;run1;1.3347757021051296;[0.3972013032336895, 0.0, 0.9375743988714401];21.42789418299799
1;281000;818;run1;1.3347768548701753;[0.3972024548024122, 0.0, 0.937574400067763];21.50815932799742
1;282000;824;run1;1.3347786716885652;[0.397204269943564, 0.0, 0.9375744017450012];21.59527653799887
1;283000;827;run1;1.3347792605080007;[0.39720485828512037, 0.0, 0.9375744022228802];21.67502644900378
1;284000;830;run1;1.3347800649244146;[0.3972056621086364, 0.0, 0.9375744028157782];21.754606128000887
1;285000;832;run1;1.334780465017857;[0.39720606192976826, 0.0, 0.9375744030880888];21.79547798800195
1;286000;835;run1;1.3347813331284675;[0.3972069294820887, 0.0, 0.9375744036463787];21.8759222209992
1;287000;839;run1;1.3347822830367813;[0.3972078788534613, 0.0, 0.9375744041833199];21.957269051003095
1;288000;842;run1;1.3347825813285175;[0.3972081769935981, 0.0, 0.9375744043349193];22.03763512700243
1;289000;847;run1;1.3347837793013744;[0.3972093744391203, 0.0, 0.9375744048622541];22.122909423000237
1;290000;850;run1;1.3347844543577825;[0.3972100492423064, 0.0, 0.9375744051154761];22.200542159996985
1;291000;853;run1;1.3347847122750187;[0.39721030706984145, 0.0, 0.9375744052051772];22.280269659000624
1;292000;856;run1;1.3347851083135822;[0.3972107029812039, 0.0, 0.9375744053323783];22.359590788000787
1;293000;858;run1;1.3347852359097425;[0.3972108305383811, 0.0, 0.9375744053713615];22.400042023000424
1;294000;860;run1;1.3347854784198974;[0.3972110729768331, 0.0, 0.9375744054430643];22.475735874999373
1;295000;866;run1;1.3347860657120503;[0.39721166011159414, 0.0, 0.9375744056004562];22.568409159997827
1;296000;872;run1;1.3347867292468019;[0.39721232348827457, 0.0, 0.9375744057585272];22.65561411700037
1;297000;876;run1;1.3347871317396172;[0.39721272589129447, 0.0, 0.9375744058483226];22.703460023003572
1;298000;878;run1;1.334787231204923;[0.39721282533628394, 0.0, 0.937574405868639];22.77878667999903
1;299000;881;run1;1.33478740653756;[0.3972130006345049, 0.0, 0.9375744059030552];22.856560774998798
1;300000;887;run1;1.3347876732183397;[0.39721326726599476, 0.0, 0.9375744059523449];22.9434122629973
1;301000;892;run1;1.3347878610602044;[0.3972134550758408, 0.0, 0.9375744059843637];23.029408544003672
1;302000;895;run1;1.3347879404444398;[0.3972135344468592, 0.0, 0.9375744059975806];23.109917157999007
1;303000;898;run1;1.3347880267741585;[0.39721362076234645, 0.0, 0.937574406011812];23.189825619003386
1;304000;901;run1;1.334788153014442;[0.39721374698228723, 0.0, 0.9375744060321549];23.236912109001423
1;305000;905;run1;1.3347882104735285;[0.3972138044322283, 0.0, 0.9375744060413];23.32121218300017
1;306000;908;run1;1.334788268519425;[0.39721386246899015, 0.0, 0.9375744060504347];23.4074805679993
1;307000;911;run1;1.334788306449706;[0.39721390039337656, 0.0, 0.9375744060563294];23.493464074002986
1;308000;917;run1;1.3347884261014493;[0.39721402002687123, 0.0, 0.9375744060745782];23.591892352000286
1;309000;920;run1;1.3347884513620372;[0.39721404528372695, 0.0, 0.9375744060783102];23.673235244001262
1;310000;923;run1;1.3347884853669285;[0.39721407928368657, 0.0, 0.9375744060832419];23.7544354260026
1;311000;926;run1;1.3347885057992366;[0.39721409971309346, 0.0, 0.9375744060861432];23.83471384600125
1;312000;929;run1;1.3347885469850174;[0.3972141408931285, 0.0, 0.9375744060918889];23.915452606001054
1;313000;932;run1;1.3347885789975462;[0.39721417290130057, 0.0, 0.9375744060962456];23.961678179002774
1;314000;935;run1;1.3347885899357133;[0.397214183837992, 0.0, 0.9375744060977211];24.04197144600039
1;315000;938;run1;1.3347886123336612;[0.39721420623290005, 0.0, 0.9375744061007611];24.12374734700279
1;316000;941;run1;1.334788616505884;[0.3972142104045456, 0.0, 0.9375744061013384];24.20606496200344
1;317000;944;run1;1.3347886325911127;[0.397214226487489, 0.0, 0.9375744061036236];24.288451528002042
1;318000;947;run1;1.334788652730686;[0.39721424662407523, 0.0, 0.9375744061066108];24.37072410700057
1;319000;953;run1;1.3347886694663627;[0.3972142633571036, 0.0, 0.937574406109259];24.46179469300114
1;320000;955;run1;1.334788673685761;[0.3972142675757794, 0.0, 0.9375744061099817];24.50333596800192
1;321000;959;run1;1.3347886840101477;[0.397214277898312, 0.0, 0.9375744061118358];24.58620300199982
1;322000;965;run1;1.3347886891002205;[0.397214282987413, 0.0, 0.9375744061128074];24.683839532001002
1;323000;971;run1;1.3347886934081103;[0.39721428729442526, 0.0, 0.937574406113685];24.77844692399958
1;324000;974;run1;1.3347886954535877;[0.3972142893394583, 0.0, 0.9375744061141293];24.824683947997983
1;325000;977;run1;1.3347886980971104;[0.3972142919823924, 0.0, 0.937574406114718];24.907951018998574
1;326000;980;run1;1.3347887006105823;[0.39721429449527657, 0.0, 0.9375744061153057];24.99352705400088
1;327000;983;run1;1.3347887041441462;[0.39721429802797076, 0.0, 0.9375744061161755];25.07455615299841
1;328000;988;run1;1.334788706302684;[0.3972143001859709, 0.0, 0.937574406116713];25.16542808200029
1;329000;992;run1;1.3347887097943192;[0.39721430367672744, 0.0, 0.9375744061175917];25.25038485800178
1;330000;995;run1;1.334788710815142;[0.3972143046972915, 0.0, 0.9375744061178505];25.330890436001937
1;331000;997;run1;1.3347887113137766;[0.3972143051957995, 0.0, 0.9375744061179772];25.372630327998195
1;332000;1000;run1;1.3347887126207736;[0.39721430650246436, 0.0, 0.9375744061183091];25.452649717000895
1;333000;1003;run1;1.3347887137941372;[0.3972143076755313, 0.0, 0.937574406118606];25.535372908998397
1;334000;1007;run1;1.3347887149603448;[0.39721430884144554, 0.0, 0.9375744061188992];25.623275783997087
1;335000;1010;run1;1.334788716055931;[0.39721430993675766, 0.0, 0.9375744061191733];25.70892076999735
1;336000;1015;run1;1.3347887178279032;[0.39721431170829136, 0.0, 0.9375744061196118];25.79946755400306
1;337000;1017;run1;1.33478871853574;[0.39721431241595595, 0.0, 0.9375744061197842];25.84427637799672
1;338000;1019;run1;1.3347887187639693;[0.39721431264413043, 0.0, 0.9375744061198388];25.92111742799898
1;339000;1022;run1;1.3347887195339967;[0.3972143134139756, 0.0, 0.9375744061200211];26.002544538998336
1;340000;1025;run1;1.3347887199908595;[0.3972143138707325, 0.0, 0.9375744061201269];26.082907958996657
1;341000;1028;run1;1.334788720499553;[0.39721431437931265, 0.0, 0.9375744061202405];26.161263332003728
1;342000;1033;run1;1.3347887207173148;[0.3972143145970276, 0.0, 0.9375744061202873];26.246895092997875
1;343000;1036;run1;1.3347887210958547;[0.3972143149754891, 0.0, 0.9375744061203656];26.32793954099907
1;344000;1039;run1;1.334788721332309;[0.39721431521189654, 0.0, 0.9375744061204124];26.41481542400288
1;345000;1042;run1;1.3347887214932337;[0.3972143153727913, 0.0, 0.9375744061204425];26.500733476001187
1;346000;1045;run1;1.3347887218896963;[0.3972143157691842, 0.0, 0.9375744061205121];26.582312313999864
1;347000;1047;run1;1.3347887218896963;[0.3972143157691842, 0.0, 0.9375744061205121];26.62641925999924
1;348000;1049;run1;1.3347887221872776;[0.39721431606671675, 0.0, 0.937574406120561];26.702998225002375
1;349000;1052;run1;1.3347887223130397;[0.3972143161924587, 0.0, 0.9375744061205811];26.78140028600319
1;350000;1057;run1;1.334788722845515;[0.3972143167248565, 0.0, 0.9375744061206585];26.86859846900188
1;351000;1060;run1;1.3347887230081041;[0.39721431688742403, 0.0, 0.9375744061206801];26.94895964400348
1;352000;1063;run1;1.3347887232032685;[0.3972143170825633, 0.0, 0.9375744061207052];27.03071844200167
1;353000;1067;run1;1.334788723461303;[0.3972143173405659, 0.0, 0.937574406120737];27.115102764000767
1;354000;1071;run1;1.334788723703419;[0.39721431758265413, 0.0, 0.9375744061207649];27.164539327997772
1;355000;1073;run1;1.3347887237282436;[0.39721431760747583, 0.0, 0.9375744061207678];27.24158983399684
1;356000;1078;run1;1.3347887238388427;[0.3972143177180624, 0.0, 0.9375744061207802];27.329799519000517
1;357000;1081;run1;1.3347887239190839;[0.39721431779829486, 0.0, 0.9375744061207889];27.408796795003582
1;358000;1084;run1;1.3347887239793517;[0.39721431785855654, 0.0, 0.9375744061207952];27.48979240100016
1;359000;1087;run1;1.3347887240842375;[0.39721431796343154, 0.0, 0.937574406120806];27.569861983996816
1;360000;1091;run1;1.3347887241154603;[0.39721431799465123, 0.0, 0.9375744061208091];27.653907605999848
1;361000;1094;run1;1.3347887241154603;[0.39721431799465123, 0.0, 0.9375744061208091];27.734038855996914
1;362000;1097;run1;1.334788724147878;[0.3972143180270657, 0.0, 0.9375744061208122];27.81314453700179
1;363000;1100;run1;1.3347887241802427;[0.3972143180594275, 0.0, 0.9375744061208153];27.858639518002747
1;364000;1105;run1;1.3347887242659973;[0.3972143181451742, 0.0, 0.9375744061208231];27.94260820499767
1;365000;1109;run1;1.334788724322939;[0.39721431820211117, 0.0, 0.937574406120828];28.022937308996916
1;366000;1114;run1;1.3347887243614909;[0.39721431824065967, 0.0, 0.9375744061208312];28.107724824003526
1;367000;1117;run1;1.3347887243793766;[0.39721431825854375, 0.0, 0.9375744061208328];28.19018714199774
1;368000;1120;run1;1.3347887243968921;[0.39721431827605785, 0.0, 0.9375744061208342];28.26941978299874
1;369000;1122;run1;1.3347887244410932;[0.3972143183202555, 0.0, 0.9375744061208378];28.314037604999612
1;370000;1126;run1;1.3347887244585828;[0.3972143183377436, 0.0, 0.9375744061208391];28.39654103099747
1;371000;1130;run1;1.3347887244815373;[0.3972143183606964, 0.0, 0.9375744061208409];28.47942356400017
1;372000;1133;run1;1.3347887245057812;[0.3972143183849385, 0.0, 0.9375744061208426];28.55883144600375
1;373000;1136;run1;1.3347887245111936;[0.39721431839035054, 0.0, 0.9375744061208431];28.63948708800308
1;374000;1139;run1;1.334788724518899;[0.39721431839805554, 0.0, 0.9375744061208434];28.724571412996738
1;375000;1144;run1;1.3347887245306271;[0.3972143184097832, 0.0, 0.937574406120844];28.81154051300109
1;376000;1147;run1;1.3347887245327839;[0.39721431841193977, 0.0, 0.9375744061208441];28.890595447002852
1;377000;1149;run1;1.334788724534823;[0.3972143184139787, 0.0, 0.9375744061208442];28.932571564997488
1;378000;1151;run1;1.334788724540092;[0.39721431841924754, 0.0, 0.9375744061208444];29.008574469997257
1;379000;1154;run1;1.334788724545785;[0.3972143184249406, 0.0, 0.9375744061208444];29.087500510999234
1;380000;1157;run1;1.3347887245469867;[0.39721431842614235, 0.0, 0.9375744061208444];29.167307679002988
1;381000;1160;run1;1.33478872455248;[0.3972143184316357, 0.0, 0.9375744061208444];29.247671017998073
1;382000;1165;run1;1.3347887245588161;[0.3972143184379716, 0.0, 0.9375744061208444];29.332812881999416
1;383000;1169;run1;1.33478872456317;[0.39721431844232563, 0.0, 0.9375744061208444];29.412604299999657
1;384000;1173;run1;1.3347887245673131;[0.3972143184464687, 0.0, 0.9375744061208444];29.457947183000215
1;385000;1175;run1;1.3347887245681211;[0.3972143184472767, 0.0, 0.9375744061208444];29.531371641998703
1;386000;1178;run1;1.3347887245690575;[0.39721431844821303, 0.0, 0.9375744061208444];29.610444580997864
1;387000;1183;run1;1.3347887245710999;[0.3972143184502554, 0.0, 0.9375744061208444];29.69253352299711
1;388000;1186;run1;1.3347887245721288;[0.39721431845128435, 0.0, 0.9375744061208444];29.77012868800375
1;389000;1190;run1;1.3347887245732202;[0.39721431845237587, 0.0, 0.9375744061208444];29.851410183000553
1;390000;1195;run1;1.3347887245738064;[0.397214318452962, 0.0, 0.9375744061208444];29.93370183800289
1;391000;1198;run1;1.334788724574336;[0.3972143184534916, 0.0, 0.9375744061208444];30.011431065999204
1;392000;1200;run1;1.3347887245745609;[0.3972143184537165, 0.0, 0.9375744061208444];30.05858978300239
1;393000;1202;run1;1.3347887245751493;[0.397214318454305, 0.0, 0.9375744061208444];30.13544475800154
1;394000;1205;run1;1.3347887245756547;[0.39721431845481037, 0.0, 0.9375744061208444];30.216688941996836
1;395000;1208;run1;1.3347887245758931;[0.39721431845504873, 0.0, 0.9375744061208444];30.295398182999634
1;396000;1213;run1;1.3347887245764194;[0.3972143184555749, 0.0, 0.9375744061208444];30.381195255999046
1;397000;1216;run1;1.3347887245767298;[0.39721431845588534, 0.0, 0.9375744061208444];30.46053102300357
1;398000;1219;run1;1.334788724577021;[0.39721431845617644, 0.0, 0.9375744061208444];30.541593873997044
1;399000;1223;run1;1.3347887245772705;[0.3972143184564261, 0.0, 0.9375744061208444];30.623955962000764
1;400000;1226;run1;1.3347887245774954;[0.3972143184566509, 0.0, 0.9375744061208444];30.70190999499755
1;401000;1228;run1;1.334788724577577;[0.39721431845673255, 0.0, 0.9375744061208444];30.7439336919997
1;402000;1231;run1;1.3347887245776977;[0.39721431845685323, 0.0, 0.9375744061208444];30.82460022399755
1;403000;1234;run1;1.33478872457778;[0.39721431845693567, 0.0, 0.9375744061208444];30.907246018003207
1;404000;1237;run1;1.3347887245778707;[0.3972143184570263, 0.0, 0.9375744061208444];30.988490934003494
1;405000;1241;run1;1.3347887245780332;[0.39721431845718874, 0.0, 0.9375744061208444];31.07624163100263
1;406000;1246;run1;1.3347887245782077;[0.39721431845736327, 0.0, 0.9375744061208444];31.163753565997467
1;407000;1249;run1;1.334788724578274;[0.39721431845742955, 0.0, 0.9375744061208444];31.24643871399894
1;408000;1251;run1;1.3347887245783066;[0.3972143184574621, 0.0, 0.9375744061208444];31.289981483998417
1;409000;1253;run1;1.334788724578396;[0.3972143184575516, 0.0, 0.9375744061208444];31.367557151002984
1;410000;1256;run1;1.3347887245784784;[0.397214318457634, 0.0, 0.9375744061208444];31.449565759998222
1;411000;1259;run1;1.3347887245785308;[0.39721431845768645, 0.0, 0.9375744061208444];31.53106751100131
1;412000;1262;run1;1.334788724578601;[0.39721431845775657, 0.0, 0.9375744061208444];31.61207072000252
1;413000;1265;run1;1.3347887245786223;[0.3972143184577778, 0.0, 0.9375744061208444];31.693241034001403
1;414000;1268;run1;1.334788724578711;[0.3972143184578665, 0.0, 0.9375744061208444];31.77688884300005
1;415000;1271;run1;1.3347887245787862;[0.3972143184579418, 0.0, 0.9375744061208444];31.858068754998385
1;416000;1274;run1;1.3347887245788088;[0.39721431845796434, 0.0, 0.9375744061208444];31.934458921998157
1;417000;1277;run1;1.3347887245788415;[0.39721431845799693, 0.0, 0.9375744061208444];32.014381457003765
1;418000;1281;run1;1.3347887245788792;[0.39721431845803484, 0.0, 0.9375744061208444];32.06511335999676
1;419000;1283;run1;1.3347887245788954;[0.39721431845805105, 0.0, 0.9375744061208444];32.14252997699805
1;420000;1286;run1;1.3347887245789032;[0.3972143184580589, 0.0, 0.9375744061208444];32.2232414329992
1;421000;1289;run1;1.334788724578924;[0.3972143184580796, 0.0, 0.9375744061208444];32.30364944699977
1;422000;1292;run1;1.3347887245789518;[0.39721431845810745, 0.0, 0.9375744061208444];32.38594731299963
1;423000;1295;run1;1.3347887245789753;[0.397214318458131, 0.0, 0.9375744061208444];32.46587876400008
1;424000;1301;run1;1.3347887245789911;[0.39721431845814675, 0.0, 0.9375744061208444];32.5584578190028
1;425000;1304;run1;1.334788724579003;[0.3972143184581586, 0.0, 0.9375744061208444];32.63795083200239
1;426000;1307;run1;1.3347887245790118;[0.39721431845816735, 0.0, 0.9375744061208444];32.71832767700107
1;427000;1309;run1;1.3347887245790118;[0.39721431845816735, 0.0, 0.9375744061208444];32.75970562300063
1;428000;1313;run1;1.3347887245790169;[0.3972143184581725, 0.0, 0.9375744061208444];32.841179319999355
1;429000;1318;run1;1.334788724579022;[0.39721431845817756, 0.0, 0.9375744061208444];32.92789857600292
1;430000;1322;run1;1.3347887245790242;[0.3972143184581797, 0.0, 0.9375744061208444];33.01060714900086
1;431000;1327;run1;1.3347887245790309;[0.3972143184581864, 0.0, 0.9375744061208444];33.09767266899871
1;432000;1329;run1;1.3347887245790324;[0.3972143184581881, 0.0, 0.9375744061208444];33.138443336996716
1;433000;1334;run1;1.3347887245790369;[0.39721431845819255, 0.0, 0.9375744061208444];33.22328233800363
1;434000;1337;run1;1.33478872457904;[0.39721431845819566, 0.0, 0.9375744061208444];33.30292513399763
1;435000;1343;run1;1.3347887245790448;[0.3972143184582003, 0.0, 0.9375744061208444];33.39147131500067
1;436000;1346;run1;1.3347887245790462;[0.39721431845820176, 0.0, 0.9375744061208444];33.47178827499738
1;437000;1349;run1;1.3347887245790475;[0.3972143184582032, 0.0, 0.9375744061208444];33.5177492560033
1;438000;1355;run1;1.3347887245790495;[0.39721431845820515, 0.0, 0.9375744061208444];33.604856184996606
1;439000;1358;run1;1.3347887245790508;[0.3972143184582065, 0.0, 0.9375744061208444];33.68359268800123
1;440000;1363;run1;1.3347887245790515;[0.39721431845820715, 0.0, 0.9375744061208444];33.77094546100125
1;441000;1366;run1;1.3347887245790524;[0.39721431845820804, 0.0, 0.9375744061208444];33.84971547599707
1;442000;1369;run1;1.3347887245790533;[0.3972143184582088, 0.0, 0.9375744061208444];33.92722765399958
1;443000;1371;run1;1.334788724579054;[0.3972143184582095, 0.0, 0.9375744061208444];33.968949048998184
1;444000;1375;run1;1.3347887245790546;[0.3972143184582102, 0.0, 0.9375744061208444];34.04848913099704
1;445000;1381;run1;1.334788724579055;[0.39721431845821076, 0.0, 0.9375744061208444];34.15341512199666
1;446000;1383;run1;1.3347887245790557;[0.3972143184582113, 0.0, 0.9375744061208444];34.195788739998534
1;447000;1385;run1;1.334788724579056;[0.39721431845821165, 0.0, 0.9375744061208444];34.273899198000436
1;448000;1390;run1;1.3347887245790564;[0.3972143184582121, 0.0, 0.9375744061208444];34.36187060199882
1;449000;1393;run1;1.3347887245790566;[0.39721431845821226, 0.0, 0.9375744061208444];34.439880789999734
1;450000;1396;run1;1.3347887245790568;[0.39721431845821237, 0.0, 0.9375744061208444];34.5197043579974
1;451000;1399;run1;1.334788724579057;[0.3972143184582126, 0.0, 0.9375744061208444];34.59805961899838
1;452000;1403;run1;1.3347887245790573;[0.3972143184582128, 0.0, 0.9375744061208444];34.679709139003535
1;453000;1406;run1;1.3347887245790573;[0.397214318458213, 0.0, 0.9375744061208444];34.75842276799813
1;454000;1409;run1;1.3347887245790575;[0.39721431845821314, 0.0, 0.9375744061208444];34.80204081899865
1;455000;1412;run1;1.3347887245790577;[0.3972143184582133, 0.0, 0.9375744061208444];34.88716022000153
1;456000;1415;run1;1.3347887245790577;[0.3972143184582133, 0.0, 0.9375744061208444];34.96882800399908
1;457000;1420;run1;1.3347887245790577;[0.3972143184582133, 0.0, 0.9375744061208444];35.05851094300306
1;458000;1423;run1;1.3347887245790577;[0.3972143184582133, 0.0, 0.9375744061208444];35.11613202100125
1;459000;1426;run1;1.3347887245790577;[0.3972143184582133, 0.0, 0.9375744061208444];35.19727734800108
1;460000;1429;run1;1.3347887245790577;[0.3972143184582133, 0.0, 0.9375744061208444];35.27864718899946
1;461000;1433;run1;1.3347887245790577;[0.3972143184582133, 0.0, 0.9375744061208444];35.36210549899988
1;462000;1439;run1;1.3347887245790577;[0.3972143184582133, 0.0, 0.9375744061208444];35.458040799996525
1;463000;1442;run1;1.3347887245790577;[0.3972143184582133, 0.0, 0.9375744061208444];35.539905867000925
1;464000;1444;run1;1.3347887245790577;[0.3972143184582133, 0.0, 0.9375744061208444];35.58262206299696
1;465000;1450;run1;1.3347887245790577;[0.3972143184582133, 0.0, 0.9375744061208444];35.69019896499958
1;466000;1453;run1;1.3347887245790577;[0.3972143184582133, 0.0, 0.9375744061208444];35.77013686900318
1;467000;1455;run1;1.3347887245790577;[0.3972143184582133, 0.0, 0.9375744061208444];35.81470170999819
1;468000;1457;run1;1.3347887245790577;[0.3972143184582133, 0.0, 0.9375744061208444];35.89278874400043
1;469000;1460;run1;1.3347887245790577;[0.3972143184582133, 0.0, 0.9375744061208444];35.97362744100246
1;470000;1463;run1;1.3347887245790577;[0.3972143184582133, 0.0, 0.9375744061208444];36.05250638200232
1;471000;1466;run1;1.3347887245790577;[0.3972143184582133, 0.0, 0.9375744061208444];36.13130426000134
1;472000;1472;run1;1.3347887245790577;[0.3972143184582133, 0.0, 0.9375744061208444];36.22047269599716
1;473000;1475;run1;1.3347887245790577;[0.3972143184582133, 0.0, 0.9375744061208444];36.30342824500258
1;474000;1478;run1;1.3347887245790577;[0.3972143184582133, 0.0, 0.9375744061208444];36.383366709000256
1;475000;1481;run1;1.3347887245790577;[0.3972143184582133, 0.0, 0.9375744061208444];36.46283402299741
1;476000;1484;run1;1.3347887245790577;[0.3972143184582133, 0.0, 0.9375744061208444];36.50713499500125
1;477000;1487;run1;1.3347887245790577;[0.3972143184582133, 0.0, 0.9375744061208444];36.58799617399927
1;478000;1490;run1;1.3347887245790577;[0.3972143184582133, 0.0, 0.9375744061208444];36.67111304800346
1;479000;1493;run1;1.3347887245790577;[0.3972143184582133, 0.0, 0.9375744061208444];36.752997080999194
1;480000;1496;run1;1.3347887245790577;[0.3972143184582133, 0.0, 0.9375744061208444];36.83544361699751
1;481000;1499;run1;1.3347887245790577;[0.3972143184582133, 0.0, 0.9375744061208444];36.91595644799963
1;482000;1504;run1;1.3347887245790577;[0.3972143184582133, 0.0, 0.9375744061208444];37.0031624330004
1;483000;1507;run1;1.3347887245790577;[0.3972143184582133, 0.0, 0.9375744061208444];37.08839855399856
1;484000;1509;run1;1.3347887245790577;[0.3972143184582133, 0.0, 0.9375744061208444];37.13178176100337
1;485000;1511;run1;1.3347887245790577;[0.3972143184582133, 0.0, 0.9375744061208444];37.209746733999054
1;486000;1514;run1;1.3347887245790577;[0.3972143184582133, 0.0, 0.9375744061208444];37.290597172999696
1;487000;1517;run1;1.3347887245790577;[0.3972143184582133, 0.0, 0.9375744061208444];37.37385725799686
1;488000;1520;run1;1.3347887245790577;[0.3972143184582133, 0.0, 0.9375744061208444];37.45327931600332
1;489000;1526;run1;1.3347887245790577;[0.3972143184582133, 0.0, 0.9375744061208444];37.54259980899951
1;490000;1531;run1;1.3347887245790577;[0.3972143184582133, 0.0, 0.9375744061208444];37.62944723600231
1;491000;1533;run1;1.3347887245790577;[0.3972143184582133, 0.0, 0.9375744061208444];37.672694546003186
1;492000;1537;run1;1.3347887245790577;[0.3972143184582133, 0.0, 0.9375744061208444];37.756657689998974
1;493000;1540;run1;1.3347887245790577;[0.3972143184582133, 0.0, 0.9375744061208444];37.8380139150031
1;494000;1543;run1;1.3347887245790577;[0.3972143184582133, 0.0, 0.9375744061208444];37.919413492003514
1;495000;1547;run1;1.3347887245790577;[0.3972143184582133, 0.0, 0.9375744061208444];38.00294549999671
1;496000;1550;run1;1.3347887245790577;[0.3972143184582133, 0.0, 0.9375744061208444];38.092341926996596
1;497000;1553;run1;1.3347887245790577;[0.3972143184582133, 0.0, 0.9375744061208444];38.17484725399845
1;498000;1556;run1;1.3347887245790577;[0.3972143184582133, 0.0, 0.9375744061208444];38.255412042999524
1;499000;1559;run1;1.3347887245790577;[0.3972143184582133, 0.0, 0.9375744061208444];38.335746937002114
1;500000;1561;run1;1.3347887245790577;[0.3972143184582133, 0.0, 0.9375744061208444];38.3777996179997
1;501000;1565;run1;1.3347887245790577;[0.3972143184582133, 0.0, 0.9375744061208444];38.460817644998315
1;502000;1568;run1;1.3347887245790577;[0.3972143184582133, 0.0, 0.9375744061208444];38.54114524400211
1;503000;1571;run1;1.3347887245790577;[0.3972143184582133, 0.0, 0.9375744061208444];38.623679516000266
1;504000;1577;run1;1.3347887245790577;[0.3972143184582133, 0.0, 0.9375744061208444];38.7219544499967
1;505000;1580;run1;1.3347887245790577;[0.3972143184582133, 0.0, 0.9375744061208444];38.80322794800304
1;506000;1584;run1;1.3347887245790577;[0.3972143184582133, 0.0, 0.9375744061208444];38.85099179799727
1;507000;1586;run1;1.3347887245790577;[0.3972143184582133, 0.0, 0.9375744061208444];38.92853599500086
1;508000;1589;run1;1.3347887245790577;[0.3972143184582133, 0.0, 0.9375744061208444];39.01187582100101
1;509000;1595;run1;1.3347887245790577;[0.3972143184582133, 0.0, 0.9375744061208444];39.10242201099754
1;510000;1598;run1;1.3347887245790577;[0.3972143184582133, 0.0, 0.9375744061208444];39.18282233799982
1;511000;1601;run1;1.3347887245790577;[0.3972143184582133, 0.0, 0.9375744061208444];39.26272246999724
1;512000;1604;run1;1.3347887245790577;[0.3972143184582133, 0.0, 0.9375744061208444];39.34512804800033
1;513000;1609;run1;1.3347887245790577;[0.3972143184582133, 0.0, 0.9375744061208444];39.43045910799992
1;514000;1612;run1;1.3347887245790577;[0.3972143184582133, 0.0, 0.9375744061208444];39.50828660099796
1;515000;1614;run1;1.3347887245790577;[0.3972143184582133, 0.0, 0.9375744061208444];39.54975390499749
1;516000;1619;run1;1.3347887245790577;[0.3972143184582133, 0.0, 0.9375744061208444];39.63739143600105
1;517000;1624;run1;1.3347887245790577;[0.3972143184582133, 0.0, 0.9375744061208444];39.72543097699963
1;518000;1627;run1;1.3347887245790577;[0.3972143184582133, 0.0, 0.9375744061208444];39.80648188399937
1;519000;1630;run1;1.3347887245790577;[0.3972143184582133, 0.0, 0.9375744061208444];39.88734513700183
1;520000;1633;run1;1.3347887245790577;[0.3972143184582133, 0.0, 0.9375744061208444];39.96736380200309
1;521000;1636;run1;1.3347887245790577;[0.3972143184582133, 0.0, 0.9375744061208444];40.01116086100228
1;522000;1640;run1;1.3347887245790577;[0.3972143184582133, 0.0, 0.9375744061208444];40.092510993999895
1;523000;1646;run1;1.3347887245790577;[0.3972143184582133, 0.0, 0.9375744061208444];40.17960276299709
1;524000;1649;run1;1.3347887245790577;[0.3972143184582133, 0.0, 0.9375744061208444];40.25855625500117
1;525000;1652;run1;1.3347887245790577;[0.3972143184582133, 0.0, 0.9375744061208444];40.33706070700282
1;526000;1658;run1;1.3347887245790577;[0.3972143184582133, 0.0, 0.9375744061208444];40.425422227002855
1;527000;1661;run1;1.3347887245790577;[0.3972143184582133, 0.0, 0.9375744061208444];40.468350533003104
1;528000;1667;run1;1.3347887245790577;[0.3972143184582133, 0.0, 0.9375744061208444];40.55614983000123
1;529000;1670;run1;1.3347887245790577;[0.3972143184582133, 0.0, 0.9375744061208444];40.63625509900157
1;530000;1675;run1;1.3347887245790577;[0.3972143184582133, 0.0, 0.9375744061208444];40.722814761000336
1;531000;1678;run1;1.3347887245790577;[0.3972143184582133, 0.0, 0.9375744061208444];40.8016610199993
1;532000;1682;run1;1.3347887245790577;[0.3972143184582133, 0.0, 0.9375744061208444];40.883754116999626
1;533000;1684;run1;1.3347887245790577;[0.3972143184582133, 0.0, 0.9375744061208444];40.92622486899927
1;534000;1687;run1;1.3347887245790577;[0.3972143184582133, 0.0, 0.9375744061208444];41.00509952099674
1;535000;1690;run1;1.3347887245790577;[0.3972143184582133, 0.0, 0.9375744061208444];41.08396707999782
1;536000;1693;run1;1.3347887245790577;[0.3972143184582133, 0.0, 0.9375744061208444];41.16371795900341
1;537000;1696;run1;1.3347887245790577;[0.3972143184582133, 0.0, 0.9375744061208444];41.243371714001114
1;538000;1699;run1;1.3347887245790577;[0.3972143184582133, 0.0, 0.9375744061208444];41.32264011100051
1;539000;1702;run1;1.3347887245790577;[0.3972143184582133, 0.0, 0.9375744061208444];41.403150946003734
1;540000;1705;run1;1.3347887245790577;[0.3972143184582133, 0.0, 0.9375744061208444];41.489513245003764
1;541000;1709;run1;1.3347887245790577;[0.3972143184582133, 0.0, 0.9375744061208444];41.573676457002875
1;542000;1711;run1;1.3347887245790577;[0.3972143184582133, 0.0, 0.9375744061208444];41.615778781997506
1;543000;1714;run1;1.3347887245790577;[0.3972143184582133, 0.0, 0.9375744061208444];41.69562854799733
1;544000;1717;run1;1.3347887245790577;[0.3972143184582133, 0.0, 0.9375744061208444];41.77552103400376
1;545000;1720;run1;1.3347887245790577;[0.3972143184582133, 0.0, 0.9375744061208444];41.85503807100031
1;546000;1723;run1;1.3347887245790577;[0.3972143184582133, 0.0, 0.9375744061208444];41.93752432100155
1;547000;1726;run1;1.3347887245790577;[0.3972143184582133, 0.0, 0.9375744061208444];42.01799816700077
1;548000;1730;run1;1.3347887245790577;[0.3972143184582133, 0.0, 0.9375744061208444];42.101166827997076
1;549000;1735;run1;1.3347887245790577;[0.3972143184582133, 0.0, 0.9375744061208444];42.18593522399897
1;550000;1738;run1;1.3347887245790577;[0.3972143184582133, 0.0, 0.9375744061208444];42.26495828600309
1;551000;1740;run1;1.3347887245790577;[0.3972143184582133, 0.0, 0.9375744061208444];42.30623717400158
1;552000;1744;run1;1.3347887245790577;[0.3972143184582133, 0.0, 0.9375744061208444];42.387827060003474
1;553000;1747;run1;1.3347887245790577;[0.3972143184582133, 0.0, 0.9375744061208444];42.467444175999844
1;554000;1750;run1;1.3347887245790577;[0.3972143184582133, 0.0, 0.9375744061208444];42.54773248999845
1;555000;1753;run1;1.3347887245790577;[0.3972143184582133, 0.0, 0.9375744061208444];42.62972419599828
1;556000;1756;run1;1.3347887245790577;[0.3972143184582133, 0.0, 0.9375744061208444];42.71226049999677
1;557000;1759;run1;1.3347887245790577;[0.3972143184582133, 0.0, 0.9375744061208444];42.80285352899955
1;558000;1762;run1;1.3347887245790577;[0.3972143184582133, 0.0, 0.9375744061208444];42.88199897300365
1;559000;1765;run1;1.3347887245790577;[0.3972143184582133, 0.0, 0.9375744061208444];42.96575383200252
1;560000;1768;run1;1.3347887245790577;[0.3972143184582133, 0.0, 0.9375744061208444];43.045965352001076
1;561000;1771;run1;1.3347887245790577;[0.3972143184582133, 0.0, 0.9375744061208444];43.12677520300349
1;562000;1773;run1;1.3347887245790577;[0.3972143184582133, 0.0, 0.9375744061208444];43.16935431899765
1;563000;1775;run1;1.3347887245790577;[0.3972143184582133, 0.0, 0.9375744061208444];43.24681027900078
1;564000;1780;run1;1.3347887245790577;[0.3972143184582133, 0.0, 0.9375744061208444];43.33611196499987
1;565000;1783;run1;1.3347887245790577;[0.3972143184582133, 0.0, 0.9375744061208444];43.417095194003196
1;566000;1787;run1;1.3347887245790577;[0.3972143184582133, 0.0, 0.9375744061208444];43.50032157300302
1;567000;1790;run1;1.3347887245790577;[0.3972143184582133, 0.0, 0.9375744061208444];43.582401895997464
1;568000;1795;run1;1.3347887245790577;[0.3972143184582133, 0.0, 0.9375744061208444];43.63600480600144
1;569000;1798;run1;1.3347887245790577;[0.3972143184582133, 0.0, 0.9375744061208444];43.71636453500105
1;570000;1802;run1;1.3347887245790577;[0.3972143184582133, 0.0, 0.9375744061208444];43.800841308999225
1;571000;1805;run1;1.3347887245790577;[0.3972143184582133, 0.0, 0.9375744061208444];43.88145981699927
1;572000;1811;run1;1.3347887245790577;[0.3972143184582133, 0.0, 0.9375744061208444];43.97392470500199
1;573000;1814;run1;1.3347887245790577;[0.3972143184582133, 0.0, 0.9375744061208444];44.05433611199987
1;574000;1817;run1;1.3347887245790577;[0.3972143184582133, 0.0, 0.9375744061208444];44.13283702699846
1;575000;1819;run1;1.3347887245790577;[0.3972143184582133, 0.0, 0.9375744061208444];44.17443048000132
1;576000;1822;run1;1.3347887245790577;[0.3972143184582133, 0.0, 0.9375744061208444];44.25459661400237
1;577000;1826;run1;1.3347887245790577;[0.3972143184582133, 0.0, 0.9375744061208444];44.337121586999274
1;578000;1832;run1;1.3347887245790577;[0.3972143184582133, 0.0, 0.9375744061208444];44.42716123900027
1;579000;1837;run1;1.3347887245790577;[0.3972143184582133, 0.0, 0.9375744061208444];44.4783914619984
1;580000;1841;run1;1.3347887245790577;[0.3972143184582133, 0.0, 0.9375744061208444];44.5620496479969
1;581000;1847;run1;1.3347887245790577;[0.3972143184582133, 0.0, 0.9375744061208444];44.648994558003324
1;582000;1852;run1;1.3347887245790577;[0.3972143184582133, 0.0, 0.9375744061208444];44.73439290399983
1;583000;1855;run1;1.3347887245790577;[0.3972143184582133, 0.0, 0.9375744061208444];44.81406990299729
1;584000;1857;run1;1.3347887245790577;[0.3972143184582133, 0.0, 0.9375744061208444];44.8558851639973
1;585000;1859;run1;1.3347887245790577;[0.3972143184582133, 0.0, 0.9375744061208444];44.93240164699819
1;586000;1864;run1;1.3347887245790577;[0.3972143184582133, 0.0, 0.9375744061208444];45.01738803400076
1;587000;1867;run1;1.3347887245790577;[0.3972143184582133, 0.0, 0.9375744061208444];45.098804882996774
1;588000;1870;run1;1.3347887245790577;[0.3972143184582133, 0.0, 0.9375744061208444];45.17916309899738
1;589000;1874;run1;1.3347887245790577;[0.3972143184582133, 0.0, 0.9375744061208444];45.26207239899668
1;590000;1877;run1;1.3347887245790577;[0.3972143184582133, 0.0, 0.9375744061208444];45.340563915997336
1;591000;1883;run1;1.3347887245790577;[0.3972143184582133, 0.0, 0.9375744061208444];45.4336120759981
1;592000;1885;run1;1.3347887245790577;[0.3972143184582133, 0.0, 0.9375744061208444];45.477741062997666
1;593000;1888;run1;1.3347887245790577;[0.3972143184582133, 0.0, 0.9375744061208444];45.55861402199662
1;594000;1891;run1;1.3347887245790577;[0.3972143184582133, 0.0, 0.9375744061208444];45.63836285599973
1;595000;1894;run1;1.3347887245790577;[0.3972143184582133, 0.0, 0.9375744061208444];45.71801126000355
1;596000;1897;run1;1.3347887245790577;[0.3972143184582133, 0.0, 0.9375744061208444];45.79847088899987
1;597000;1901;run1;1.3347887245790577;[0.3972143184582133, 0.0, 0.9375744061208444];45.880174548998184
1;598000;1906;run1;1.3347887245790577;[0.3972143184582133, 0.0, 0.9375744061208444];45.966785998003616
1;599000;1908;run1;1.3347887245790577;[0.3972143184582133, 0.0, 0.9375744061208444];46.00889875199937
1;600000;1910;run1;1.3347887245790577;[0.3972143184582133, 0.0, 0.9375744061208444];46.085060163997696
1;601000;1913;run1;1.3347887245790577;[0.3972143184582133, 0.0, 0.9375744061208444];46.16446766300214
1;602000;1919;run1;1.3347887245790577;[0.3972143184582133, 0.0, 0.9375744061208444];46.25215341400326
1;603000;1924;run1;1.3347887245790577;[0.3972143184582133, 0.0, 0.9375744061208444];46.33859576300165
1;604000;1927;run1;1.3347887245790577;[0.3972143184582133, 0.0, 0.9375744061208444];46.417319298998336
1;605000;1930;run1;1.3347887245790577;[0.3972143184582133, 0.0, 0.9375744061208444];46.46362842700182
1;606000;1933;run1;1.3347887245790577;[0.3972143184582133, 0.0, 0.9375744061208444];46.54331590500078
1;607000;1937;run1;1.3347887245790577;[0.3972143184582133, 0.0, 0.9375744061208444];46.62597353899764
1;608000;1940;run1;1.3347887245790577;[0.3972143184582133, 0.0, 0.9375744061208444];46.705384383996716
1;609000;1945;run1;1.3347887245790577;[0.3972143184582133, 0.0, 0.9375744061208444];46.79415360299754
1;610000;1948;run1;1.3347887245790577;[0.3972143184582133, 0.0, 0.9375744061208444];46.87631293499726
1;611000;1951;run1;1.3347887245790577;[0.3972143184582133, 0.0, 0.9375744061208444];46.92595835099928
1;612000;1954;run1;1.3347887245790577;[0.3972143184582133, 0.0, 0.9375744061208444];47.00523206600337
1;613000;1958;run1;1.3347887245790577;[0.3972143184582133, 0.0, 0.9375744061208444];47.089056846998574
1;614000;1961;run1;1.3347887245790577;[0.3972143184582133, 0.0, 0.9375744061208444];47.17248687100073
1;615000;1964;run1;1.3347887245790577;[0.3972143184582133, 0.0, 0.9375744061208444];47.25479302099848
1;616000;1967;run1;1.3347887245790577;[0.3972143184582133, 0.0, 0.9375744061208444];47.33577335299924
1;617000;1973;run1;1.3347887245790577;[0.3972143184582133, 0.0, 0.9375744061208444];47.42665841199778
1;618000;1975;run1;1.3347887245790577;[0.3972143184582133, 0.0, 0.9375744061208444];47.46740132699779
1;619000;1978;run1;1.3347887245790577;[0.3972143184582133, 0.0, 0.9375744061208444];47.54675737799698
1;620000;1981;run1;1.3347887245790577;[0.3972143184582133, 0.0, 0.9375744061208444];47.62418197700026
1;621000;1984;run1;1.3347887245790577;[0.3972143184582133, 0.0, 0.9375744061208444];47.69267201299954
1;622000;1990;run1;1.3347887245790577;[0.3972143184582133, 0.0, 0.9375744061208444];47.792830897000385
1;623000;1999;run1;1.3347887245790577;[0.3972143184582133, 9.568542758093738e-22, 0.9375744061208444];47.86842709899793
2;1000;2;run1;0.0;[0.0, 0.0, 0.0];0.07894522500282619
2;2000;4;run1;0.0;[0.0, 0.0, 0.0];0.15793875000235857
2;3000;6;run1;0.0;[0.0, 0.0, 0.0];0.2352780380024342
2;4000;8;run1;0.0;[0.0, 0.0, 0.0];0.31385322300047847
2;5000;10;run1;0.0;[0.0, 0.0, 0.0];0.3911732350024977
2;6000;12;run1;9.0968071788948e-11;[0.0, 0.0, 9.0968071788948e-11];0.4679848950036103
2;7000;14;run1;1.0935332195354198e-08;[0.0, 0.0, 1.0935332195354198e-08];0.5449912330004736
2;8000;16;run1;1.9886785366739656e-07;[0.0, 0.0, 1.9886785366739656e-07];0.6215156010002829
2;9000;18;run1;1.0974684027984567e-06;[0.0, 0.0, 1.0974684027984567e-06];0.6978978179977275
2;10000;20;run1;4.842266463147627e-06;[0.0, 0.0, 4.842266463147627e-06];0.7740173499987577
2;11000;22;run1;6.567968874726827e-06;[0.0, 0.0, 6.567968874726827e-06];0.8508167280015186
2;12000;24;run1;1.1910220325670012e-05;[0.0, 0.0, 1.1910220325670012e-05];0.9279139970021788
2;13000;26;run1;4.072320550118781e-05;[0.0, 0.0, 4.072320550118781e-05];1.0043141700007254
2;14000;28;run1;8.515986610793022e-05;[0.0, 0.0, 8.515986610793022e-05];1.079843075000099
2;15000;30;run1;0.00011739517066611383;[0.0, 0.0, 0.00011739517066611383];1.1551821410030243
2;16000;32;run1;0.00017902518682555072;[0.0, 0.0, 0.00017902518682555072];1.2327850369983935
2;17000;34;run1;0.00023792624076652947;[0.0, 0.0, 0.00023792624076652947];1.3096781409985851
2;18000;36;run1;0.00023792624076652947;[0.0, 0.0, 0.00023792624076652947];1.3873935200026608
2;19000;38;run1;0.0008843733974406827;[0.0, 0.0, 0.0008843733974406827];1.4640924769992125
2;20000;40;run1;0.002582518585028905;[0.0, 0.0, 0.002582518585028905];1.5411524869996356
2;21000;42;run1;0.004818328311162274;[0.0, 0.0, 0.004818328311162274];1.6175692500037258
2;22000;44;run1;0.006107021957565055;[0.0, 0.0, 0.006107021957565055];1.6937183670015656
2;23000;46;run1;0.01046262920737886;[0.0, 0.0, 0.01046262920737886];1.7711919290013611
2;24000;48;run1;0.01355976186678696;[0.0, 0.0, 0.01355976186678696];1.8481736009998713
2;25000;50;run1;0.015885840004752516;[0.0, 0.0, 0.015885840004752516];1.9249837579991436
2;26000;52;run1;0.02021568840410105;[0.0, 0.0, 0.02021568840410105];2.0019253740028944
2;27000;54;run1;0.024521950806165833;[0.0, 0.0, 0.024521950806165833];2.0788665790023515
2;28000;56;run1;0.024521950806165833;[0.0, 0.0, 0.024521950806165833];2.15551989999949
2;29000;58;run1;0.026093459334066517;[0.0, 0.0, 0.026093459334066517];2.2324072319970583
2;30000;60;run1;0.026093459334066517;[0.0, 0.0, 0.026093459334066517];2.309081562998472
2;31000;62;run1;0.02613187682284706;[0.0, 0.0, 0.02613187682284706];2.3873334059971967
2;32000;64;run1;0.03261851974857492;[0.0, 0.0, 0.03261851974857492];2.4683693929982837
2;33000;66;run1;0.04009236533010532;[0.0, 0.0, 0.04009236533010532];2.547100932999456
2;34000;68;run1;0.049954214259611246;[0.0, 0.0, 0.049954214259611246];2.6405110659979982
2;35000;70;run1;0.06797818207544545;[0.0, 0.0, 0.06797818207544545];2.728336619999027
2;36000;72;run1;0.07885248640739201;[0.0, 0.0, 0.07885248640739201];2.8104474790015956
2;37000;74;run1;0.101653357749763;[0.0, 0.0, 0.101653357749763];2.893527271000494
2;38000;76;run1;0.11322139056626034;[0.0, 0.0, 0.11322139056626034];2.9761727410004823
2;39000;78;run1;0.12222407057608924;[0.0, 0.0, 0.12222407057608924];3.059066529996926
2;40000;80;run1;0.1432259374684742;[0.0, 0.0, 0.1432259374684742];3.142516400999739
2;41000;82;run1;0.15878930333185515;[0.0, 0.0, 0.15878930333185515];3.226719807003974
2;42000;84;run1;0.172175513012303;[0.0, 0.0, 0.172175513012303];3.3099568960024044
2;43000;86;run1;0.21556340316284558;[0.0, 0.0, 0.21556340316284558];3.3931167580012698
2;44000;88;run1;0.24471273103466845;[0.0, 0.0, 0.24471273103466845];3.4763377260023844
2;45000;90;run1;0.2688791886859644;[0.0, 0.0, 0.2688791886859644];3.56007165399933
2;46000;92;run1;0.28352451284433255;[0.0, 0.0, 0.28352451284433255];3.643291810003575
2;47000;94;run1;0.2906403001761493;[0.0, 0.0, 0.2906403001761493];3.727734819003672
2;48000;96;run1;0.2982817986551411;[0.0, 0.0, 0.2982817986551411];3.8112961610022467
2;49000;98;run1;0.3204773909051569;[0.0, 0.0, 0.3204773909051569];3.893736953003099
2;50000;100;run1;0.32781347430285757;[0.0, 0.0, 0.32781347430285757];3.973840726997878
2;51000;102;run1;0.3341449963240486;[0.0, 0.0, 0.3341449963240486];4.055781465001928
2;52000;104;run1;0.3341449963240486;[0.0, 0.0, 0.3341449963240486];4.137192750997201
2;53000;106;run1;0.3341449963240486;[0.0, 0.0, 0.3341449963240486];4.216906298002868
2;54000;108;run1;0.3341449963240486;[0.0, 0.0, 0.3341449963240486];4.298061059002066
2;55000;110;run1;0.3341449963240486;[0.0, 0.0, 0.3341449963240486];4.378921032999642
2;56000;112;run1;0.3373936848608858;[0.0, 0.0, 0.3373936848608858];4.459294407002744
2;57000;114;run1;0.3457965496036179;[0.0, 0.0, 0.3457965496036179];4.540013324003667
2;58000;116;run1;0.3812358556047319;[0.0, 0.0, 0.3812358556047319];4.620316155000182
2;59000;118;run1;0.3900931613347834;[0.0, 0.0, 0.3900931613347834];4.700739713000075
2;60000;120;run1;0.39750162021656493;[0.0, 0.0, 0.39750162021656493];4.7823530520036
2;61000;122;run1;0.40643115562598847;[0.0, 0.0, 0.40643115562598847];4.863340115996834
2;62000;124;run1;0.4171287200999838;[0.0, 0.0, 0.4171287200999838];4.943581298997742
2;63000;126;run1;0.42755922506308874;[0.0, 0.0, 0.42755922506308874];5.023215686000185
2;64000;128;run1;0.4375904386444808;[0.0, 0.0, 0.4375904386444808];5.104317766999884
2;65000;130;run1;0.44711391916997173;[0.0, 0.0, 0.44711391916997173];5.184824151998328
2;66000;132;run1;0.4560616415877354;[0.0, 0.0, 0.4560616415877354];5.265903120001894
2;67000;134;run1;0.4643964685890504;[0.0, 0.0, 0.4643964685890504];5.346276424003008
2;68000;136;run1;0.47210433347772396;[0.0, 0.0, 0.47210433347772396];5.425428399001248
2;69000;138;run1;0.4792095382573253;[0.0, 0.0, 0.4792095382573253];5.505201949003094
2;70000;140;run1;0.48603880131243404;[0.0, 0.0, 0.48603880131243404];5.5845246449971455
2;71000;142;run1;0.49286005698994434;[0.0, 0.0, 0.49286005698994434];5.663806174001365
2;72000;144;run1;0.5032514474500107;[0.0, 0.0, 0.5032514474500107];5.74692398699699
2;73000;146;run1;0.517583124950665;[0.0, 0.0, 0.517583124950665];5.828493392000382
2;74000;148;run1;0.5216323736920558;[0.0, 0.0, 0.5216323736920558];5.9072662990001845
2;75000;150;run1;0.5248214816195358;[0.0, 0.0, 0.5248214816195358];5.986342210002476
2;76000;152;run1;0.5260193718391575;[0.0, 0.0, 0.5260193718391575];6.0663553929989575
2;77000;154;run1;0.5271872595100124;[0.0, 0.0, 0.5271872595100124];6.146222960000159
2;78000;156;run1;0.5283097039555964;[0.0, 0.0, 0.5283097039555964];6.22480871299922
2;79000;158;run1;0.5302435360505325;[0.0, 0.0, 0.5302435360505325];6.304671450998285
2;80000;160;run1;0.5310477801555307;[0.0, 0.0, 0.5310477801555307];6.387013136998576
2;81000;162;run1;0.5310477801555307;[0.0, 0.0, 0.5310477801555307];6.46852377000323
2;82000;164;run1;0.5329166062286521;[0.0, 0.0, 0.5329166062286521];6.550690213996859
2;83000;166;run1;0.5338487669663228;[0.0, 0.0, 0.5338487669663228];6.6328566880038125
2;84000;168;run1;0.5344221238914038;[0.0, 0.0, 0.5344221238914038];6.715755154997169
2;85000;170;run1;0.5351577504861498;[0.0, 0.0, 0.5351577504861498];6.800380257998768
2;86000;172;run1;0.5355183512870803;[0.0, 0.0, 0.5355183512870803];6.886503351997817
2;87000;174;run1;0.535896715015548;[0.0, 0.0, 0.535896715015548];6.967845828003192
2;88000;176;run1;0.5362929849987028;[0.0, 0.0, 0.5362929849987028];7.049324191000778
2;89000;178;run1;0.5362929849987028;[0.0, 0.0, 0.5362929849987028];7.1307253670020145
2;90000;180;run1;0.5362929849987028;[0.0, 0.0, 0.5362929849987028];7.212272780001513
2;91000;182;run1;0.5370545573627024;[0.0, 0.0, 0.5370545573627024];7.294594678001886
2;92000;184;run1;0.5376757207525654;[0.0, 0.0, 0.5376757207525654];7.377771601997665
2;93000;186;run1;0.5380172081733663;[0.0, 0.0, 0.5380172081733663];7.46167220499774
2;94000;188;run1;0.5386012084456646;[0.0, 0.0, 0.5386012084456646];7.5460743049989105
2;95000;190;run1;0.5388258794058277;[0.0, 0.0, 0.5388258794058277];7.629826206000871
2;96000;192;run1;0.5389662436798381;[0.0, 0.0, 0.5389662436798381];7.713324648000707
2;97000;194;run1;0.5389662436798381;[0.0, 0.0, 0.5389662436798381];7.797887442000501
2;98000;196;run1;0.5389662436798381;[0.0, 0.0, 0.5389662436798381];7.882007599997451
2;99000;198;run1;0.5389662436798381;[0.0, 0.0, 0.5389662436798381];7.9646227519988315
2;100000;200;run1;0.5389662436798381;[0.0, 0.0, 0.5389662436798381];8.047861371996987
2;101000;202;run1;0.5390225624199425;[0.0, 0.0, 0.5390225624199425];8.130890587002796
2;102000;204;run1;0.539138171622575;[0.0, 0.0, 0.539138171622575];8.212318404002872
2;103000;206;run1;0.539138171622575;[0.0, 0.0, 0.539138171622575];8.296677862999786
2;104000;208;run1;0.5392536217745506;[0.0, 0.0, 0.5392536217745506];8.378961679001804
2;105000;210;run1;0.5393654119799078;[0.0, 0.0, 0.5393654119799078];8.459783439997409
2;106000;212;run1;0.5397291236735543;[0.0, 0.0, 0.5397291236735543];8.541414239996811
2;107000;214;run1;0.5398312107428287;[0.0, 0.0, 0.5398312107428287];8.621471806000045
2;108000;216;run1;0.5399462323510075;[0.0, 0.0, 0.5399462323510075];8.703843837996828
2;109000;218;run1;0.5399462323510075;[0.0, 0.0, 0.5399462323510075];8.785795634998067
2;110000;220;run1;0.5399967937307093;[0.0, 0.0, 0.5399967937307093];8.868364490001113
2;111000;222;run1;0.5400589717423782;[0.0, 0.0, 0.5400589717423782];8.949807254997722
2;112000;224;run1;0.5400589717423782;[0.0, 0.0, 0.5400589717423782];9.030930765999074
2;113000;226;run1;0.5401092988407481;[0.0, 0.0, 0.5401092988407481];9.111692933998711
2;114000;228;run1;0.5401594833510311;[0.0, 0.0, 0.5401594833510311];9.192318143002922
2;115000;230;run1;0.5401798894241988;[0.0, 0.0, 0.5401798894241988];9.272961597001995
2;116000;232;run1;0.5401885888553913;[0.0, 0.0, 0.5401885888553913];9.35380850599904
2;117000;234;run1;0.5401885888553913;[0.0, 0.0, 0.5401885888553913];9.433953826999641
2;118000;236;run1;0.5402309045952322;[0.0, 0.0, 0.5402309045952322];9.513837774997228
2;119000;238;run1;0.5402425540229864;[0.0, 0.0, 0.5402425540229864];9.59391910499835
2;120000;240;run1;0.5402541592503507;[0.0, 0.0, 0.5402541592503507];9.673223726997094
2;121000;242;run1;0.5402661271153436;[0.0, 0.0, 0.5402661271153436];9.754951832001098
2;122000;244;run1;0.5402864445043012;[0.0, 0.0, 0.5402864445043012];9.835108275001403
2;123000;246;run1;0.54030709820502;[0.0, 0.0, 0.54030709820502];9.913195606000954
2;124000;248;run1;0.5403124705362382;[0.0, 0.0, 0.5403124705362382];9.992535384000803
2;125000;250;run1;0.5403198838131118;[0.0, 0.0, 0.5403198838131118];10.082352623001498
2;126000;252;run1;0.5403279576996423;[0.0, 0.0, 0.5403279576996423];10.166595542003051
2;127000;254;run1;0.5403368910643002;[0.0, 0.0, 0.5403368910643002];10.287213506002445
2;128000;256;run1;0.5403392102033339;[0.0, 0.0, 0.5403392102033339];10.38306336000096
2;129000;258;run1;0.5403414256988875;[0.0, 0.0, 0.5403414256988875];10.466092754999408
2;130000;260;run1;0.5403484119209195;[0.0, 0.0, 0.5403484119209195];10.549048870998377
2;131000;262;run1;0.5403521489356397;[0.0, 0.0, 0.5403521489356397];10.628421451001486
2;132000;264;run1;0.5403543424194744;[0.0, 0.0, 0.5403543424194744];10.711203828999714
2;133000;266;run1;0.540355733483773;[0.0, 0.0, 0.540355733483773];10.800222967998707
2;134000;268;run1;0.5403562514572865;[0.0, 0.0, 0.5403562514572865];10.878390680001758
2;135000;270;run1;0.5403565837484303;[0.0, 0.0, 0.5403565837484303];10.956244599001366
2;136000;272;run1;0.5403571701805122;[0.0, 0.0, 0.5403571701805122];11.034217533997435
2;137000;274;run1;0.540357546783061;[0.0, 0.0, 0.540357546783061];11.112006570998346
2;138000;276;run1;0.5403579075788444;[0.0, 0.0, 0.5403579075788444];11.18993046200194
2;139000;278;run1;0.5403583186996432;[0.0, 0.0, 0.5403583186996432];11.280804538000666
2;140000;280;run1;0.5403584537974534;[0.0, 0.0, 0.5403584537974534];11.356332059003762
2;141000;282;run1;0.5403586014484082;[0.0, 0.0, 0.5403586014484082];11.433459813997615
2;142000;284;run1;0.5403586014484082;[0.0, 0.0, 0.5403586014484082];11.511653966997983
2;143000;286;run1;0.5403587990757946;[0.0, 0.0, 0.5403587990757946];11.587463271003799
2;144000;288;run1;0.5403590092644007;[0.0, 0.0, 0.5403590092644007];11.66233113299677
2;145000;290;run1;0.54035910315092;[0.0, 0.0, 0.54035910315092];11.741220069998235
2;146000;292;run1;0.5403592207223022;[0.0, 0.0, 0.5403592207223022];11.818228540003474
2;147000;294;run1;0.5403593029173298;[0.0, 0.0, 0.5403593029173298];11.894503584000631
2;148000;296;run1;0.5403594998923152;[0.0, 0.0, 0.5403594998923152];11.96959225399769
2;149000;298;run1;0.540359553017365;[0.0, 0.0, 0.540359553017365];12.04580615300074
2;150000;300;run1;0.5403596052340934;[0.0, 0.0, 0.5403596052340934];12.121604063999257
2;151000;302;run1;0.5403596052340934;[0.0, 0.0, 0.5403596052340934];12.198174427001504
2;152000;304;run1;0.5403596586492144;[0.0, 0.0, 0.5403596586492144];12.275566682001227
2;153000;306;run1;0.5403597258337133;[0.0, 0.0, 0.5403597258337133];12.352290615002858
2;154000;308;run1;0.5403597653409868;[0.0, 0.0, 0.5403597653409868];12.428069640998729
2;155000;310;run1;0.5403598021350065;[0.0, 0.0, 0.5403598021350065];12.503321880998556
2;156000;312;run1;0.5403598359773591;[0.0, 0.0, 0.5403598359773591];12.579909195002983
2;157000;314;run1;0.5403598667377112;[0.0, 0.0, 0.5403598667377112];12.659026932997222
2;158000;316;run1;0.5403598809610274;[0.0, 0.0, 0.5403598809610274];12.7371147140002
2;159000;318;run1;0.5403598809610274;[0.0, 0.0, 0.5403598809610274];12.814938766998239
2;160000;320;run1;0.5403598809610274;[0.0, 0.0, 0.5403598809610274];12.892554746002133
2;161000;322;run1;0.5403599065462164;[0.0, 0.0, 0.5403599065462164];12.97100495199993
2;162000;324;run1;0.540359944056662;[0.0, 0.0, 0.540359944056662];13.049172083003214
2;163000;326;run1;0.540359972046864;[0.0, 0.0, 0.540359972046864];13.12698416299827
2;164000;329;run1;0.5403599988931421;[0.0, 0.0, 0.5403599988931421];13.226273740001488
2;165000;331;run1;0.5403600095962173;[0.0, 0.0, 0.5403600095962173];13.304533927002922
2;166000;333;run1;0.5403600218596671;[0.0, 0.0, 0.5403600218596671];13.383027846000914
2;167000;335;run1;0.5403600277215524;[0.0, 0.0, 0.5403600277215524];13.460919817000104
2;168000;338;run1;0.5403600365636907;[0.0, 0.0, 0.5403600365636907];13.544252885003516
2;169000;341;run1;0.5403600580233909;[0.0, 0.0, 0.5403600580233909];13.627166409998608
2;170000;344;run1;0.5403600597228863;[0.0, 0.0, 0.5403600597228863];13.714328898000531
2;171000;347;run1;0.5403600613663554;[0.0, 0.0, 0.5403600613663554];13.795999663001567
2;172000;349;run1;0.5403600659314003;[0.0, 0.0, 0.5403600659314003];13.838242862002517
2;173000;352;run1;0.540360071038472;[0.0, 0.0, 0.540360071038472];13.922532499003864
2;174000;355;run1;0.5403600740168443;[0.0, 0.0, 0.5403600740168443];14.005631195002934
2;175000;358;run1;0.5403600764994531;[0.0, 0.0, 0.5403600764994531];14.08886682800221
2;176000;361;run1;0.5403600764994531;[0.0, 0.0, 0.5403600764994531];14.171161352998752
2;177000;364;run1;0.5403600764994532;[1.3179126206359863e-16, 0.0, 0.5403600764994531];14.25267005200294
2;178000;368;run1;0.5403600799221884;[1.120112432838307e-15, 0.0, 0.5403600799221873];14.338040080998326
2;179000;371;run1;0.5403600865315151;[2.582139819111718e-13, 0.0, 0.5403600865312569];14.420062760997098
2;180000;374;run1;0.5403600883126697;[3.985739126830113e-13, 0.0, 0.5403600883122711];14.502782440002193
2;181000;376;run1;0.5403600948205604;[1.1661558557466781e-12, 0.0, 0.5403600948193942];14.553167963997112
2;182000;379;run1;0.5403601152057425;[3.892405406311472e-12, 0.0, 0.54036011520185];14.63658353700157
2;183000;382;run1;0.5403601631044793;[9.775095493125963e-12, 0.0, 0.5403601630947042];14.718633470001805
2;184000;385;run1;0.540360244853034;[3.019119292296494e-11, 0.0, 0.5403602448228428];14.800178115998278
2;185000;388;run1;0.5403603703202314;[1.3753402756945196e-10, 0.0, 0.5403603701826974];14.881409369998437
2;186000;391;run1;0.5403605298192502;[3.3454025413648523e-10, 0.0, 0.5403605294847099];14.964169995000702
2;187000;394;run1;0.5403610733015346;[1.1800469232711507e-09, 0.0, 0.5403610721214877];15.047593996001524
2;188000;398;run1;0.5403640677016274;[4.299704974897665e-09, 0.0, 0.5403640634019224];15.134733881001011
2;189000;402;run1;0.5403797394037405;[1.5665680332454804e-08, 0.0, 0.5403797237380602];15.183832442002313
2;190000;404;run1;0.5403881223515308;[2.3954293074155407e-08, 0.0, 0.5403880983972377];15.260973051998008
2;191000;407;run1;0.5404065056060725;[5.289860164621837e-08, 0.0, 0.5404064527074709];15.341032921001897
2;192000;413;run1;0.540505551543516;[3.7980785501666925e-07, 0.0, 0.5405051717356609];15.42964691400266
2;193000;419;run1;0.5408909377107715;[3.3906431579341185e-06, 0.0, 0.5408875470676135];15.52305359699676
2;194000;422;run1;0.5409969071216645;[4.429027374707669e-06, 0.0, 0.5409924780942897];15.603572854997765
2;195000;426;run1;0.541292262816001;[9.378059402604554e-06, 0.0, 0.5412828847565984];15.653065261001757
2;196000;431;run1;0.5419722097488657;[2.663703114661463e-05, 0.0, 0.5419455727177191];15.741545500000939
2;197000;436;run1;0.5429471830627298;[6.0970294312627824e-05, 0.0, 0.5428862127684172];15.830464489001315
2;198000;440;run1;0.5455243765962813;[0.00018562275417465868, 0.0, 0.5453387538421066];15.915732845998718
2;199000;443;run1;0.5466049121868534;[0.0002476586469675689, 0.0, 0.5463572535398858];15.99806764600362
2;200000;445;run1;0.5470075049812851;[0.00027218572591633674, 0.0, 0.5467353192553688];16.04372075200081
2;201000;448;run1;0.5500617829437521;[0.00047512936061666616, 0.0, 0.5495866535831354];16.126061693998054
2;202000;451;run1;0.5546588377328319;[0.000810360280252443, 0.0, 0.5538484774525794];16.20860908600298
2;203000;454;run1;0.5600635214387215;[0.0012265511669295294, 0.0, 0.558836970271792];16.291370813996764
2;204000;457;run1;0.5636479613144253;[0.0015051861596549346, 0.0, 0.5621427751547704];16.396892753997236
2;205000;460;run1;0.5674664508190618;[0.0018001059851169897, 0.0, 0.5656663448339447];16.478870318998815
2;206000;463;run1;0.5755377102253423;[0.002400336600140148, 0.0, 0.5731373736252021];16.56029661100183
2;207000;466;run1;0.5822922498018592;[0.0028905021122029163, 0.0, 0.5794017476896564];16.640553723002085
2;208000;469;run1;0.5898536384010625;[0.003450772283499272, 0.0, 0.5864028661175632];16.720114618998196
2;209000;472;run1;0.5976558522354525;[0.004084275814682323, 0.0, 0.5935715764207702];16.80043030199886
2;210000;475;run1;0.6121705243226566;[0.005470400162721391, 0.0, 0.6067001241599352];16.880342450996977
2;211000;478;run1;0.6295264558052602;[0.007394077086041077, 0.0, 0.6221323787192191];16.961614421001286
2;212000;480;run1;0.6325527671604056;[0.007756630021077778, 0.0, 0.6247961371393279];17.006251126003917
2;213000;484;run1;0.6483985491270058;[0.009772637334523876, 0.0, 0.638625911792482];17.092247599000984
2;214000;487;run1;0.6654644252019047;[0.012120048670154876, 0.0, 0.6533443765317498];17.17538418500044
2;215000;490;run1;0.6755128333627755;[0.013567361831787606, 0.0, 0.6619454715309878];17.257825517001038
2;216000;493;run1;0.6901755662618725;[0.015809354347717085, 0.0, 0.6743662119141554];17.337814972997876
2;217000;496;run1;0.6982259680561302;[0.017127974600319576, 0.0, 0.6810979934558107];17.41817729399918
2;218000;499;run1;0.7170889510154583;[0.020384491503630236, 0.0, 0.6967044595118281];17.501363524002954
2;219000;502;run1;0.728931547980349;[0.02263382309434823, 0.0, 0.7062977248860007];17.581525615001738
2;220000;505;run1;0.7514446327369955;[0.027307650920959978, 0.0, 0.7241369818160355];17.661398670999915
2;221000;507;run1;0.7594480954924113;[0.02911148507918649, 0.0, 0.7303366104132248];17.703603357003885
2;222000;512;run1;0.7758752043808951;[0.03297800674381294, 0.0, 0.7428971976370822];17.792002934002085
2;223000;515;run1;0.7802531145600545;[0.034045707285087566, 0.0, 0.7462074072749669];17.874320260998502
2;224000;518;run1;0.8122372914623036;[0.04225100256264991, 0.0, 0.7699862888996537];17.95537572199828
2;225000;521;run1;0.8231369634258725;[0.04513758830983914, 0.0, 0.7779993751160333];18.03637915499712
2;226000;524;run1;0.8304371822024559;[0.04711896207396532, 0.0, 0.7833182201284906];18.117875279000145
2;227000;527;run1;0.8496873267425077;[0.05251607986417362, 0.0, 0.7971712468783341];18.198871708002116
2;228000;532;run1;0.8655011083098961;[0.0570659770613863, 0.0, 0.8084351312485099];18.249341891998483
2;229000;536;run1;0.8865998817846293;[0.06327008198526105, 0.0, 0.8233297997993683];18.332214438996743
2;230000;541;run1;0.9134753744775763;[0.07164142238029136, 0.0, 0.841833952097285];18.42170922600053
2;231000;544;run1;0.9334982277132777;[0.07886290195833266, 0.0, 0.854635325754945];18.501983980997466
2;232000;547;run1;0.9437849805864217;[0.08315832127656313, 0.0, 0.8606266593098586];18.583990610997716
2;233000;551;run1;0.9542330450205555;[0.08798460353483657, 0.0, 0.8662484414857189];18.66781028800324
2;234000;554;run1;0.9616824510418069;[0.09179975239717657, 0.0, 0.8698826986446304];18.715500234997307
2;235000;557;run1;0.9656397443537985;[0.09395189008991989, 0.0, 0.8716878542638786];18.798851617000764
2;236000;560;run1;0.9912334152633049;[0.10925455962830116, 0.0, 0.8819788556350038];18.8806752399978
2;237000;565;run1;1.0100240440387749;[0.12129369221525431, 0.0, 0.8887303518235206];18.97479218600347
2;238000;569;run1;1.0370731379172886;[0.13981116214381853, 0.0, 0.8972619757734701];19.059844884002814
2;239000;572;run1;1.046547564424876;[0.14647100284209758, 0.0, 0.9000765615827785];19.14013807399897
2;240000;575;run1;1.064379117683991;[0.1594447680724642, 0.0, 0.9049343496115267];19.18598703000316
2;241000;578;run1;1.0757436510624294;[0.16799654174858164, 0.0, 0.9077471093138478];19.267512459999125
2;242000;581;run1;1.0864396071763975;[0.1762184004777821, 0.0, 0.9102212066986154];19.351388133
2;243000;584;run1;1.1009114675298204;[0.1876621283342602, 0.0, 0.9132493391955603];19.43145946400182
2;244000;589;run1;1.121661563418253;[0.20435956800537378, 0.0, 0.9173019954128793];19.517566986003658
2;245000;592;run1;1.1329939094871608;[0.21362793673218347, 0.0, 0.9193659727549774];19.597334833000787
2;246000;595;run1;1.14466462193463;[0.2233010862390166, 0.0, 0.9213635356956132];19.67817108899908
2;247000;598;run1;1.1511486009165484;[0.22870348810804292, 0.0, 0.9224451128085054];19.76127836899832
2;248000;601;run1;1.155883132214115;[0.23268036278005724, 0.0, 0.9232027694340578];19.842765506000433
2;249000;603;run1;1.1644067757435865;[0.23991854280704636, 0.0, 0.9244882329365403];19.88670052299858
2;250000;608;run1;1.1769974315363636;[0.25072739148375056, 0.0, 0.926270040052613];19.974208614003146
2;251000;611;run1;1.18104156264436;[0.2542207060141334, 0.0, 0.9268208566302265];20.055545376999362
2;252000;616;run1;1.1880629031102754;[0.2603179108869704, 0.0, 0.9277449922233049];20.14279237399751
2;253000;619;run1;1.1956582277903045;[0.2669372165189557, 0.0, 0.9287210112713489];20.228197087999433
2;254000;623;run1;1.2054285092184132;[0.27549975990647935, 0.0, 0.9299287493119337];20.308985162999306
2;255000;626;run1;1.2133935269937393;[0.28252079171516487, 0.0, 0.9308727352785745];20.389865823002765
2;256000;628;run1;1.2165999953179987;[0.28536887092167673, 0.0, 0.931231124396322];20.431678387998545
2;257000;631;run1;1.226277245576096;[0.29404991777529593, 0.0, 0.9322273278008];20.512204247002956
2;258000;634;run1;1.2277741268824354;[0.29540193034199225, 0.0, 0.9323721965404431];20.593395354000677
2;259000;637;run1;1.2355509009614256;[0.30248929637424854, 0.0, 0.9330616045871771];20.68086587399739
2;260000;640;run1;1.2371147758849133;[0.3039243253932747, 0.0, 0.9331904504916386];20.763795277998724
2;261000;644;run1;1.243262952095045;[0.3095967573631239, 0.0, 0.9336661947319209];20.8478786630003
2;262000;647;run1;1.2461999403842228;[0.3123215379779838, 0.0, 0.933878402406239];20.93111102900002
2;263000;652;run1;1.2537819791020786;[0.31940370835318466, 0.0, 0.9343782707488938];21.018894180000643
2;264000;655;run1;1.2570207832739109;[0.3224480391457385, 0.0, 0.9345727441281724];21.065098528000817
2;265000;658;run1;1.2634976342205606;[0.32856129454268734, 0.0, 0.9349363396778732];21.14786963199731
2;266000;662;run1;1.2727195988673572;[0.33731441220393993, 0.0, 0.9354051866634172];21.2326382129977
2;267000;667;run1;1.2782365314779882;[0.3425743875719736, 0.0, 0.9356621439060147];21.32088234600087
2;268000;671;run1;1.2861260659605342;[0.3501289112841867, 0.0, 0.9359971546763475];21.40733462999924
2;269000;674;run1;1.2887291988523488;[0.3526283052354129, 0.0, 0.936100893616936];21.488414195999212
2;270000;677;run1;1.293563860415586;[0.3572756316139934, 0.0, 0.9362882288015925];21.568694581001182
2;271000;680;run1;1.2957691398065299;[0.35939720059927194, 0.0, 0.9363719392072578];21.613176172002568
2;272000;683;run1;1.300069160597875;[0.3635363402021478, 0.0, 0.9365328203957272];21.694881600997178
2;273000;688;run1;1.304008059383995;[0.36732931585623285, 0.0, 0.9366787435277624];21.782872233998205
2;274000;691;run1;1.306449876885693;[0.36968104922958794, 0.0, 0.936768827656105];21.863125197000045
2;275000;694;run1;1.3072039375921536;[0.37040738305965915, 0.0, 0.9367965545324943];21.94745554900146
2;276000;698;run1;1.3127733431866264;[0.37577405572121597, 0.0, 0.9369992874654105];22.030861063001794
2;277000;702;run1;1.314072796155972;[0.37702718196636403, 0.0, 0.9370456141896079];22.081933565001236
2;278000;704;run1;1.3149791815064145;[0.37790150829186364, 0.0, 0.9370776732145507];22.161178743001074
2;279000;709;run1;1.318139728521977;[0.380950569947876, 0.0, 0.9371891585741008];22.24974040500092
2;280000;712;run1;1.3187438696941074;[0.38153355478940715, 0.0, 0.9372103149047002];22.32882755400351
2;281000;715;run1;1.3199531331982435;[0.38270116617876143, 0.0, 0.937251967019482];22.408972322002228
2;282000;718;run1;1.3208637382263224;[0.383581375442405, 0.0, 0.9372823627839173];22.48786025500158
2;283000;722;run1;1.3222722039649912;[0.3849447529198648, 0.0, 0.9373274510451264];22.552450463997957
2;284000;725;run1;1.3233325073003888;[0.3859733821671369, 0.0, 0.9373591251332518];22.632395375003398
2;285000;728;run1;1.3243201474216733;[0.3869333693065018, 0.0, 0.9373867781151715];22.71240812400356
2;286000;733;run1;1.3255800134266837;[0.38816013972330976, 0.0, 0.9374198737033739];22.798174902003666
2;287000;737;run1;1.3261995540456588;[0.3887647055158314, 0.0, 0.9374348485298274];22.886739038003725
2;288000;742;run1;1.3272557653262427;[0.38979651350691097, 0.0, 0.9374592518193317];22.97568409499945
2;289000;744;run1;1.3275718124560827;[0.39010559555243085, 0.0, 0.9374662169036517];23.018405258000712
2;290000;746;run1;1.3284112875210183;[0.39092702963793424, 0.0, 0.9374842578830841];23.09728836100112
2;291000;751;run1;1.3287790401514288;[0.39128721689481083, 0.0, 0.9374918232566178];23.186507705999247
2;292000;754;run1;1.3292215380977825;[0.39172105229132526, 0.0, 0.9375004858064573];23.267294459001278
2;293000;758;run1;1.3295416718768691;[0.3920352127901468, 0.0, 0.9375064590867224];23.350701805997232
2;294000;763;run1;1.3301047609647945;[0.39258804428659877, 0.0, 0.9375167166781957];23.43764575899695
2;295000;766;run1;1.3303422807473884;[0.392821325846486, 0.0, 0.9375209549009023];23.485773984000843
2;296000;769;run1;1.331010825675282;[0.39347809592742333, 0.0, 0.9375327297478585];23.566309362002357
2;297000;772;run1;1.3313416122613044;[0.39380313548784707, 0.0, 0.9375384767734575];23.647448488998634
2;298000;775;run1;1.3315421647328118;[0.3940002818567141, 0.0, 0.9375418828760977];23.730457502999343
2;299000;779;run1;1.3318732974347696;[0.39432595977109497, 0.0, 0.9375473376636747];23.815551378000237
2;300000;782;run1;1.3322357555681237;[0.39468281449720083, 0.0, 0.9375529410709228];23.89746944000217
2;301000;785;run1;1.3324125043814916;[0.39485692951198453, 0.0, 0.937555574869507];23.980612936997204
2;302000;790;run1;1.3326298049094651;[0.3950712225336861, 0.0, 0.9375585823757792];24.068561901003704
2;303000;792;run1;1.3327850001643369;[0.39522455270547807, 0.0, 0.9375604474588587];24.11115670399886
2;304000;794;run1;1.332922378078534;[0.3953604028728921, 0.0, 0.9375619752056419];24.18850894299976
2;305000;797;run1;1.3330251606679553;[0.39546213704639643, 0.0, 0.9375630236215589];24.270225072003086
2;306000;803;run1;1.3333102704435054;[0.39574465777280915, 0.0, 0.9375656126706962];24.361761678999756
2;307000;806;run1;1.3334343754717535;[0.39586773764969535, 0.0, 0.9375666378220581];24.4414240240003
2;308000;809;run1;1.333548305957072;[0.39598077920063857, 0.0, 0.9375675267564335];24.52206121400377
2;309000;812;run1;1.333708747043207;[0.3961400239810583, 0.0, 0.9375687230621487];24.60467315599817
2;310000;815;run1;1.3337890148954412;[0.3962197140036333, 0.0, 0.937569300891808];24.650534145002894
2;311000;821;run1;1.3339510515156923;[0.3963806406647017, 0.0, 0.9375704108509906];24.74254906600254
2;312000;826;run1;1.3340175716874454;[0.39644672449602364, 0.0, 0.9375708471914218];24.83023485099693
2;313000;829;run1;1.3340828860697551;[0.3965116472134977, 0.0, 0.9375712388562574];24.91334375400038
2;314000;832;run1;1.3341763436617808;[0.396604572400184, 0.0, 0.9375717712615969];24.995086533002905
2;315000;836;run1;1.3342529899601303;[0.3966808020330994, 0.0, 0.9375721879270309];25.079624858000898
2;316000;838;run1;1.3342780485956618;[0.3967057259045259, 0.0, 0.9375723226911359];25.122961834997113
2;317000;841;run1;1.334323318733939;[0.3967507552402769, 0.0, 0.937572563493662];25.20668072999979
2;318000;845;run1;1.3343632916828931;[0.3967905184355855, 0.0, 0.9375727732473076];25.29060791899974
2;319000;851;run1;1.3344307108241704;[0.39685759223504813, 0.0, 0.9375731185891222];25.383768986997893
2;320000;855;run1;1.3344742006393995;[0.3969008646038801, 0.0, 0.9375733360355194];25.43571737500315
2;321000;857;run1;1.3344908388872072;[0.3969174209912029, 0.0, 0.9375734178960043];25.512548518003314
2;322000;860;run1;1.3345066371843433;[0.3969331423326155, 0.0, 0.9375734948517278];25.59323631299776
2;323000;866;run1;1.334554821739953;[0.3969810975864814, 0.0, 0.9375737241534715];25.68719105100172
2;324000;869;run1;1.3345706619564317;[0.3969968671463493, 0.0, 0.9375737948100825];25.76934249199985
2;325000;874;run1;1.334607602846161;[0.39703365374445515, 0.0, 0.937573949101706];25.842448010997032
2;326000;877;run1;1.3346174276807325;[0.39704343936261427, 0.0, 0.9375739883181183];25.926800294000714
2;327000;880;run1;1.3346425065607703;[0.39706842519162944, 0.0, 0.937574081369141];26.009244831002434
2;328000;883;run1;1.3346509303391243;[0.3970768211802866, 0.0, 0.9375741091588377];26.099199525997392
2;329000;887;run1;1.3346638472681387;[0.397089697092082, 0.0, 0.9375741501760566];26.204576028998417
2;330000;890;run1;1.3346688446680894;[0.3970946790974512, 0.0, 0.9375741655706382];26.306341454001085
2;331000;893;run1;1.3346688446680894;[0.3970946790974512, 0.0, 0.9375741655706382];26.393738193997706
2;332000;895;run1;1.3346779335535044;[0.3971037407438687, 0.0, 0.9375741928096357];26.437908746003814
2;333000;899;run1;1.334688851374595;[0.39711462626764515, 0.0, 0.9375742251069498];26.530808468996838
2;334000;902;run1;1.3346961224622542;[0.39712187609541155, 0.0, 0.9375742463668427];26.622296063003887
2;335000;905;run1;1.3347029842450142;[0.3971287181045338, 0.0, 0.9375742661404805];26.71320181599731
2;336000;908;run1;1.3347143430808992;[0.39714004498199756, 0.0, 0.9375742980989017];26.79979477499728
2;337000;911;run1;1.3347173373333323;[0.39714303104237786, 0.0, 0.9375743062909545];26.887226760001795
2;338000;914;run1;1.3347206030790388;[0.39714628836043464, 0.0, 0.9375743147186042];26.975085012003547
2;339000;917;run1;1.334725654736685;[0.3971513277739521, 0.0, 0.937574326962733];27.06241481500183
2;340000;920;run1;1.3347288636682362;[0.39715452936055917, 0.0, 0.937574334307677];27.14979287800088
2;341000;923;run1;1.3347334608289372;[0.3971591166203673, 0.0, 0.9375743442085699];27.238716152998677
2;342000;925;run1;1.3347349326200375;[0.3971605853935026, 0.0, 0.9375743472265349];27.28436859700014
2;343000;928;run1;1.3347402283443286;[0.39716587073517023, 0.0, 0.9375743576091583];27.370033100996807
2;344000;932;run1;1.3347452690413806;[0.3971709026149563, 0.0, 0.9375743664264243];27.459480416997394
2;345000;935;run1;1.3347487875947348;[0.3971744155636213, 0.0, 0.9375743720311135];27.54478380799992
2;346000;940;run1;1.3347532849513168;[0.3971789064280159, 0.0, 0.937574378523301];27.642567214003066
2;347000;943;run1;1.3347555511391032;[0.3971811696614554, 0.0, 0.9375743814776478];27.74810459100263
2;348000;946;run1;1.3347588378854554;[0.39718445242225203, 0.0, 0.9375743854632034];27.836935842002276
2;349000;950;run1;1.3347625533293244;[0.3971881636611591, 0.0, 0.9375743896681652];27.922355752998556
2;350000;953;run1;1.3347640861540937;[0.39718969483250116, 0.0, 0.9375743913215925];28.01384258500184
2;351000;955;run1;1.3347648269511427;[0.3971904348678139, 0.0, 0.9375743920833288];28.06326081899897
2;352000;959;run1;1.3347670046601428;[0.39719261049186183, 0.0, 0.937574394168281];28.16908737199992
2;353000;962;run1;1.3347690976002864;[0.3971947016175981, 0.0, 0.9375743959826883];28.25450942700263
2;354000;965;run1;1.334770385741838;[0.3971959887116027, 0.0, 0.9375743970302353];28.34135729799891
2;355000;968;run1;1.3347722140390355;[0.39719781562213796, 0.0, 0.9375743984168974];28.432014801997866
2;356000;974;run1;1.3347755622976791;[0.3972011616322435, 0.0, 0.9375744006654355];28.52716356699966
2;357000;978;run1;1.3347781838849277;[0.397203781655745, 0.0, 0.9375744022291829];28.577636455003812
2;358000;980;run1;1.3347792184440497;[0.39720481564159726, 0.0, 0.9375744028024523];28.660101168003166
2;359000;983;run1;1.3347801026322148;[0.39720569936305244, 0.0, 0.9375744032691624];28.74633372599783
2;360000;986;run1;1.3347810160450544;[0.39720661234309845, 0.0, 0.937574403701956];28.83066660100303
2;361000;989;run1;1.3347815913236052;[0.3972071873665364, 0.0, 0.9375744039570689];28.915863381000236
2;362000;994;run1;1.33478301143816;[0.3972086068987239, 0.0, 0.9375744045394362];29.00825810900278
2;363000;997;run1;1.3347832129406205;[0.39720880832512473, 0.0, 0.9375744046154959];29.094234221003717
2;364000;1000;run1;1.3347843343265489;[0.39720992932652827, 0.0, 0.9375744050000205];29.17983469399769
2;365000;1003;run1;1.3347846804311887;[0.39721027532417275, 0.0, 0.937574405107016];29.247523129997717
2;366000;1006;run1;1.334785154492803;[0.39721074924535377, 0.0, 0.9375744052474493];29.332150082002045
2;367000;1009;run1;1.3347854416864404;[0.3972110363570855, 0.0, 0.937574405329355];29.421240463001595
2;368000;1012;run1;1.3347859038370755;[0.39721149837820346, 0.0, 0.9375744054588719];29.50655391199689
2;369000;1015;run1;1.3347861939003447;[0.39721178836255505, 0.0, 0.9375744055377896];29.591560872999253
2;370000;1019;run1;1.3347866224475267;[0.39721221679635665, 0.0, 0.93757440565117];29.680702949997794
2;371000;1021;run1;1.3347868350880934;[0.3972124293813952, 0.0, 0.9375744057066981];29.725299056997756
2;372000;1024;run1;1.3347871554616484;[0.3972127496718869, 0.0, 0.9375744057897616];29.808748561998073
2;373000;1027;run1;1.334787244432027;[0.3972128386193975, 0.0, 0.9375744058126295];29.894331310999405
2;374000;1031;run1;1.3347875142289827;[0.39721310834761686, 0.0, 0.9375744058813658];29.982217554999806
2;375000;1036;run1;1.3347878037747607;[0.39721339782038484, 0.0, 0.9375744059543758];30.074091679001867
2;376000;1040;run1;1.334787947880271;[0.3972135418896522, 0.0, 0.9375744059906188];30.164251601003343
2;377000;1043;run1;1.334788007182755;[0.39721360117733157, 0.0, 0.9375744060054233];30.249470142000064
2;378000;1045;run1;1.3347880593407924;[0.39721365332244923, 0.0, 0.9375744060183431];30.292016681996756
2;379000;1048;run1;1.3347881055429625;[0.3972136995133659, 0.0, 0.9375744060295965];30.377565987997514
2;380000;1051;run1;1.3347881952139549;[0.39721378916323624, 0.0, 0.9375744060507187];30.465461599000264
2;381000;1054;run1;1.3347882392266623;[0.3972138331661132, 0.0, 0.9375744060605492];30.54900892900332
2;382000;1057;run1;1.3347882607320822;[0.39721385466695674, 0.0, 0.9375744060651255];30.63140808999742
2;383000;1060;run1;1.3347882901607138;[0.39721388408953096, 0.0, 0.9375744060711829];30.71719197800121
2;384000;1063;run1;1.3347883160059457;[0.39721390992966227, 0.0, 0.9375744060762834];30.803393936999782
2;385000;1067;run1;1.334788357288508;[0.3972139512045701, 0.0, 0.9375744060839379];30.889032942002814
2;386000;1070;run1;1.3347884095783569;[0.3972140034864408, 0.0, 0.9375744060919161];30.937945999998192
2;387000;1073;run1;1.3347884350549757;[0.39721402895946734, 0.0, 0.9375744060955085];31.02229386399995
2;388000;1078;run1;1.3347884845520372;[0.39721407845002765, 0.0, 0.9375744061020095];31.121910706999188
2;389000;1081;run1;1.3347885107994306;[0.3972141046941577, 0.0, 0.937574406105273];31.21472294299747
2;390000;1085;run1;1.3347885269889506;[0.39721412088173436, 0.0, 0.9375744061072162];31.31491690599796
2;391000;1088;run1;1.3347885375103778;[0.39721413140197026, 0.0, 0.9375744061084076];31.408984226996836
2;392000;1093;run1;1.3347885716383396;[0.3972141655264359, 0.0, 0.9375744061119037];31.496092519999365
2;393000;1095;run1;1.3347885806093582;[0.39721417449661994, 0.0, 0.9375744061127383];31.53815560699877
2;394000;1097;run1;1.334788596502022;[0.397214190387873, 0.0, 0.937574406114149];31.616361877997406
2;395000;1103;run1;1.3347886123208743;[0.39721420620540954, 0.0, 0.9375744061154648];31.716848536001635
2;396000;1106;run1;1.334788620945397;[0.39721421482927455, 0.0, 0.9375744061161223];31.79861661200266
2;397000;1109;run1;1.3347886311991006;[0.3972142250822449, 0.0, 0.9375744061168556];31.880721433997678
2;398000;1114;run1;1.3347886438152707;[0.3972142376976109, 0.0, 0.9375744061176599];31.966828964999877
2;399000;1116;run1;1.334788654328197;[0.39721424820995155, 0.0, 0.9375744061182455];32.009065329002624
2;400000;1120;run1;1.3347886638223936;[0.3972142577036599, 0.0, 0.9375744061187338];32.09388954300084
2;401000;1123;run1;1.334788677156653;[0.397214271037278, 0.0, 0.937574406119375];32.17717115100095
2;402000;1126;run1;1.334788680110249;[0.39721427399074766, 0.0, 0.9375744061195015];32.25830994699936
2;403000;1130;run1;1.3347886827707454;[0.397214276651133, 0.0, 0.9375744061196123];32.344498962003854
2;404000;1135;run1;1.3347886888000082;[0.39721428268016085, 0.0, 0.9375744061198474];32.433193744000164
2;405000;1138;run1;1.3347886919812741;[0.39721428586131075, 0.0, 0.9375744061199633];32.51456580100057
2;406000;1140;run1;1.3347886939030245;[0.3972142877829936, 0.0, 0.9375744061200308];32.5562306560023
2;407000;1142;run1;1.3347886957571662;[0.39721428963707245, 0.0, 0.9375744061200937];32.63305178799783
2;408000;1145;run1;1.3347886999005616;[0.3972142937803343, 0.0, 0.9375744061202272];32.712386594001146
2;409000;1148;run1;1.3347887013968058;[0.3972142952765327, 0.0, 0.9375744061202731];32.79078591099824
2;410000;1153;run1;1.3347887054658294;[0.3972142993454379, 0.0, 0.9375744061203914];32.87607440300053
2;411000;1157;run1;1.3347887086285943;[0.39721430250811723, 0.0, 0.937574406120477];32.963071735000995
2;412000;1160;run1;1.3347887092457067;[0.3972143031252134, 0.0, 0.9375744061204933];33.04767727499711
2;413000;1165;run1;1.334788711951802;[0.39721430583123907, 0.0, 0.9375744061205629];33.11291271400114
2;414000;1168;run1;1.334788713520586;[0.39721430739998476, 0.0, 0.9375744061206013];33.19292422899889
2;415000;1171;run1;1.3347887151721691;[0.39721430905152794, 0.0, 0.9375744061206411];33.27222291599901
2;416000;1174;run1;1.33478871624028;[0.3972143101196139, 0.0, 0.9375744061206662];33.3512375959981
2;417000;1178;run1;1.334788718432721;[0.39721431231200477, 0.0, 0.9375744061207163];33.43419616200117
2;418000;1181;run1;1.3347887193139252;[0.3972143131931895, 0.0, 0.9375744061207357];33.51464449299965
2;419000;1184;run1;1.3347887200542732;[0.3972143139335213, 0.0, 0.9375744061207519];33.595564025003114
2;420000;1187;run1;1.3347887206300133;[0.39721431450924877, 0.0, 0.9375744061207645];33.67584646100295
2;421000;1190;run1;1.334788721306467;[0.397214315185688, 0.0, 0.9375744061207791];33.75688521900156
2;422000;1193;run1;1.3347887214876453;[0.39721431536686225, 0.0, 0.937574406120783];33.80061914399994
2;423000;1199;run1;1.334788721948013;[0.39721431582722017, 0.0, 0.9375744061207929];33.89177361699694
2;424000;1202;run1;1.33478872220496;[0.3972143160841616, 0.0, 0.9375744061207985];33.97764836600254
2;425000;1205;run1;1.3347887223642299;[0.39721431624342796, 0.0, 0.9375744061208018];34.059623733999615
2;426000;1211;run1;1.3347887230251019;[0.3972143169042858, 0.0, 0.9375744061208161];34.15119665800012
2;427000;1213;run1;1.3347887231339577;[0.3972143170131391, 0.0, 0.9375744061208185];34.19278400499752
2;428000;1217;run1;1.3347887232891473;[0.39721431716832545, 0.0, 0.937574406120822];34.27624274799746
2;429000;1222;run1;1.3347887234787128;[0.39721431735788654, 0.0, 0.9375744061208262];34.3612683120009
2;430000;1226;run1;1.3347887236760205;[0.39721431755518993, 0.0, 0.9375744061208305];34.44346616999974
2;431000;1231;run1;1.334788723870887;[0.39721431775005206, 0.0, 0.937574406120835];34.5297598420002
2;432000;1234;run1;1.3347887239461325;[0.39721431782529587, 0.0, 0.9375744061208366];34.60765431400068
2;433000;1237;run1;1.3347887240458074;[0.3972143179249684, 0.0, 0.937574406120839];34.68415731500136
2;434000;1239;run1;1.3347887240635368;[0.3972143179426974, 0.0, 0.9375744061208393];34.72386870600167
2;435000;1244;run1;1.3347887241546843;[0.3972143180338429, 0.0, 0.9375744061208413];34.80782934700255
2;436000;1250;run1;1.3347887242380723;[0.3972143181172294, 0.0, 0.9375744061208429];34.89592012600042
2;437000;1253;run1;1.3347887242683538;[0.3972143181475105, 0.0, 0.9375744061208433];34.972779882002214
2;438000;1258;run1;1.3347887243184957;[0.39721431819765174, 0.0, 0.937574406120844];35.02379803000076
2;439000;1261;run1;1.3347887243426626;[0.3972143182218183, 0.0, 0.9375744061208443];35.10227226799907
2;440000;1264;run1;1.3347887244003922;[0.3972143182795478, 0.0, 0.9375744061208444];35.18284086600033
2;441000;1268;run1;1.3347887244202536;[0.39721431829940923, 0.0, 0.9375744061208444];35.264996354002506
2;442000;1271;run1;1.334788724433559;[0.3972143183127147, 0.0, 0.9375744061208444];35.34445264899841
2;443000;1274;run1;1.3347887244460552;[0.3972143183252108, 0.0, 0.9375744061208444];35.42426721099764
2;444000;1277;run1;1.3347887244571561;[0.3972143183363118, 0.0, 0.9375744061208444];35.50337163000222
2;445000;1280;run1;1.3347887244713887;[0.39721431835054444, 0.0, 0.9375744061208444];35.58377523600211
2;446000;1283;run1;1.3347887244845396;[0.39721431836369514, 0.0, 0.9375744061208444];35.66134252899792
2;447000;1286;run1;1.334788724493356;[0.3972143183725117, 0.0, 0.9375744061208444];35.739095933997305
2;448000;1289;run1;1.3347887245012002;[0.39721431838035576, 0.0, 0.9375744061208444];35.81893769699673
2;449000;1291;run1;1.3347887245012002;[0.39721431838035576, 0.0, 0.9375744061208444];35.859882579999976
2;450000;1294;run1;1.3347887245110828;[0.39721431839023824, 0.0, 0.9375744061208444];35.93930316699698
2;451000;1298;run1;1.3347887245260894;[0.3972143184052449, 0.0, 0.9375744061208444];36.024607047002064
2;452000;1302;run1;1.334788724531966;[0.39721431841112176, 0.0, 0.9375744061208444];36.09070090800378
2;453000;1306;run1;1.3347887245411982;[0.3972143184203539, 0.0, 0.9375744061208444];36.173767598003906
2;454000;1309;run1;1.334788724545505;[0.39721431842466065, 0.0, 0.9375744061208444];36.26999377999891
2;455000;1313;run1;1.3347887245497299;[0.3972143184288855, 0.0, 0.9375744061208444];36.35437912299676
2;456000;1316;run1;1.3347887245510235;[0.39721431843017907, 0.0, 0.9375744061208444];36.433872898996924
2;457000;1319;run1;1.3347887245529968;[0.39721431843215244, 0.0, 0.9375744061208444];36.513103737001074
2;458000;1324;run1;1.3347887245568772;[0.39721431843603283, 0.0, 0.9375744061208444];36.59942727500311
2;459000;1326;run1;1.3347887245587302;[0.3972143184378858, 0.0, 0.9375744061208444];36.64088190100301
2;460000;1328;run1;1.334788724560029;[0.3972143184391844, 0.0, 0.9375744061208444];36.71701741700235
2;461000;1331;run1;1.334788724562278;[0.3972143184414336, 0.0, 0.9375744061208444];36.796817490998365
2;462000;1334;run1;1.3347887245641634;[0.3972143184433189, 0.0, 0.9375744061208444];36.87476524399972
2;463000;1337;run1;1.3347887245654424;[0.39721431844459787, 0.0, 0.9375744061208444];36.95851540599688
2;464000;1340;run1;1.3347887245675747;[0.3972143184467303, 0.0, 0.9375744061208444];37.040452412002196
2;465000;1343;run1;1.3347887245686396;[0.39721431844779514, 0.0, 0.9375744061208444];37.122479937002936
2;466000;1349;run1;1.3347887245707093;[0.397214318449865, 0.0, 0.9375744061208444];37.21239729000081
2;467000;1352;run1;1.3347887245711783;[0.3972143184503339, 0.0, 0.9375744061208444];37.25597605200164
2;468000;1355;run1;1.3347887245715135;[0.397214318450669, 0.0, 0.9375744061208444];37.33776983599819
2;469000;1360;run1;1.3347887245725967;[0.39721431845175226, 0.0, 0.9375744061208444];37.42437426499964
2;470000;1364;run1;1.334788724573103;[0.39721431845225863, 0.0, 0.9375744061208444];37.50562526199792
2;471000;1370;run1;1.3347887245741583;[0.3972143184533139, 0.0, 0.9375744061208444];37.59391629000311
2;472000;1373;run1;1.3347887245746404;[0.39721431845379607, 0.0, 0.9375744061208444];37.67393958500179
2;473000;1376;run1;1.3347887245751493;[0.39721431845430494, 0.0, 0.9375744061208444];37.71681134100072
2;474000;1379;run1;1.334788724575513;[0.39721431845466865, 0.0, 0.9375744061208444];37.794424029001675
2;475000;1382;run1;1.3347887245760035;[0.3972143184551591, 0.0, 0.9375744061208444];37.875113706002594
2;476000;1387;run1;1.334788724576457;[0.39721431845561256, 0.0, 0.9375744061208444];37.962056914999266
2;477000;1391;run1;1.3347887245766452;[0.39721431845580085, 0.0, 0.9375744061208444];38.044322681002086
2;478000;1396;run1;1.3347887245769527;[0.3972143184561083, 0.0, 0.9375744061208444];38.13353133400233
2;479000;1398;run1;1.3347887245771162;[0.39721431845627186, 0.0, 0.9375744061208444];38.17578266700002
2;480000;1400;run1;1.3347887245771668;[0.39721431845632227, 0.0, 0.9375744061208444];38.252532083002734
2;481000;1406;run1;1.3347887245775696;[0.3972143184567253, 0.0, 0.9375744061208444];38.34696393000195
2;482000;1409;run1;1.3347887245776837;[0.3972143184568394, 0.0, 0.9375744061208444];38.42670203799935
2;483000;1412;run1;1.3347887245777705;[0.3972143184569261, 0.0, 0.9375744061208444];38.504793221
2;484000;1415;run1;1.3347887245778698;[0.39721431845702526, 0.0, 0.9375744061208444];38.58268957600376
2;485000;1418;run1;1.3347887245779897;[0.39721431845714533, 0.0, 0.9375744061208444];38.65666201199929
2;486000;1421;run1;1.3347887245781154;[0.3972143184572709, 0.0, 0.9375744061208444];38.73528860700026
2;487000;1424;run1;1.3347887245782806;[0.39721431845743604, 0.0, 0.9375744061208444];38.81343781999749
2;488000;1427;run1;1.3347887245783245;[0.39721431845748023, 0.0, 0.9375744061208444];38.89487698300218
2;489000;1429;run1;1.3347887245783718;[0.39721431845752747, 0.0, 0.9375744061208444];38.94045794100384
2;490000;1433;run1;1.3347887245784393;[0.39721431845759486, 0.0, 0.9375744061208444];39.020463303000724
2;491000;1436;run1;1.3347887245785022;[0.39721431845765787, 0.0, 0.9375744061208444];39.09974432599847
2;492000;1439;run1;1.3347887245785575;[0.39721431845771304, 0.0, 0.9375744061208444];39.18158909500198
2;493000;1444;run1;1.3347887245786694;[0.39721431845782496, 0.0, 0.9375744061208444];39.266188873996725
2;494000;1448;run1;1.3347887245787289;[0.3972143184578845, 0.0, 0.9375744061208444];39.347474987996975
2;495000;1452;run1;1.3347887245788037;[0.3972143184579592, 0.0, 0.9375744061208444];39.395564088001265
2;496000;1454;run1;1.3347887245788206;[0.3972143184579762, 0.0, 0.9375744061208444];39.470052618999034
2;497000;1459;run1;1.334788724578865;[0.3972143184580205, 0.0, 0.9375744061208444];39.554993463003484
2;498000;1462;run1;1.3347887245788845;[0.39721431845804, 0.0, 0.9375744061208444];39.63190944399685
2;499000;1465;run1;1.33478872457892;[0.39721431845807575, 0.0, 0.9375744061208444];39.709707533002074
2;500000;1468;run1;1.3347887245789267;[0.39721431845808236, 0.0, 0.9375744061208444];39.786274133002735
2;501000;1472;run1;1.3347887245789412;[0.3972143184580967, 0.0, 0.9375744061208444];39.86619391400018
2;502000;1477;run1;1.334788724578949;[0.3972143184581044, 0.0, 0.9375744061208444];39.95197953400202
2;503000;1480;run1;1.3347887245789543;[0.3972143184581097, 0.0, 0.9375744061208444];40.00052019699797
2;504000;1484;run1;1.3347887245789813;[0.3972143184581368, 0.0, 0.9375744061208444];40.083750085002976
2;505000;1487;run1;1.3347887245789887;[0.3972143184581442, 0.0, 0.9375744061208444];40.16483657200297
2;506000;1490;run1;1.3347887245789962;[0.39721431845815186, 0.0, 0.9375744061208444];40.24512784399849
2;507000;1495;run1;1.3347887245790027;[0.3972143184581583, 0.0, 0.9375744061208444];40.33164546899934
2;508000;1498;run1;1.3347887245790055;[0.39721431845816113, 0.0, 0.9375744061208444];40.41265879599814
2;509000;1501;run1;1.334788724579007;[0.39721431845816263, 0.0, 0.9375744061208444];40.493186867002805
2;510000;1503;run1;1.334788724579007;[0.39721431845816263, 0.0, 0.9375744061208444];40.534689423999225
2;511000;1505;run1;1.3347887245790089;[0.39721431845816446, 0.0, 0.9375744061208444];40.61152130600385
2;512000;1511;run1;1.3347887245790178;[0.39721431845817323, 0.0, 0.9375744061208444];40.700770183000714
2;513000;1514;run1;1.3347887245790206;[0.39721431845817623, 0.0, 0.9375744061208444];40.78126633299689
2;514000;1517;run1;1.3347887245790229;[0.3972143184581784, 0.0, 0.9375744061208444];40.86185557900171
2;515000;1520;run1;1.3347887245790249;[0.39721431845818045, 0.0, 0.9375744061208444];40.94040748300176
2;516000;1525;run1;1.3347887245790284;[0.397214318458184, 0.0, 0.9375744061208444];41.02611836200231
2;517000;1527;run1;1.33478872457903;[0.3972143184581855, 0.0, 0.9375744061208444];41.06880469700263
2;518000;1529;run1;1.334788724579032;[0.39721431845818755, 0.0, 0.9375744061208444];41.144008390001545
2;519000;1532;run1;1.3347887245790346;[0.3972143184581901, 0.0, 0.9375744061208444];41.22254162900208
2;520000;1535;run1;1.3347887245790377;[0.3972143184581932, 0.0, 0.9375744061208444];41.30169038099848
2;521000;1541;run1;1.3347887245790433;[0.3972143184581989, 0.0, 0.9375744061208444];41.392231653000636
2;522000;1544;run1;1.3347887245790444;[0.3972143184582, 0.0, 0.9375744061208444];41.471533615003864
2;523000;1547;run1;1.334788724579046;[0.39721431845820154, 0.0, 0.9375744061208444];41.54519677600183
2;524000;1550;run1;1.334788724579047;[0.39721431845820265, 0.0, 0.9375744061208444];41.62385166400054
2;525000;1553;run1;1.3347887245790488;[0.3972143184582043, 0.0, 0.9375744061208444];41.70339443100238
2;526000;1557;run1;1.3347887245790497;[0.39721431845820543, 0.0, 0.9375744061208444];41.752474284003256
2;527000;1559;run1;1.3347887245790502;[0.3972143184582059, 0.0, 0.9375744061208444];41.82783185799781
2;528000;1562;run1;1.334788724579051;[0.39721431845820654, 0.0, 0.9375744061208444];41.905930665001506
2;529000;1565;run1;1.334788724579052;[0.3972143184582074, 0.0, 0.9375744061208444];41.984926468001504
2;530000;1568;run1;1.3347887245790528;[0.3972143184582084, 0.0, 0.9375744061208444];42.065431615003035
2;531000;1573;run1;1.3347887245790537;[0.3972143184582092, 0.0, 0.9375744061208444];42.153751826997905
2;532000;1576;run1;1.334788724579054;[0.39721431845820954, 0.0, 0.9375744061208444];42.23605867999868
2;533000;1579;run1;1.3347887245790542;[0.3972143184582097, 0.0, 0.9375744061208444];42.31672655500006
2;534000;1583;run1;1.3347887245790546;[0.3972143184582101, 0.0, 0.9375744061208444];42.39923836500384
2;535000;1586;run1;1.334788724579055;[0.39721431845821054, 0.0, 0.9375744061208444];42.44359900499694
2;536000;1589;run1;1.3347887245790553;[0.39721431845821087, 0.0, 0.9375744061208444];42.523151009001595
2;537000;1592;run1;1.3347887245790557;[0.39721431845821126, 0.0, 0.9375744061208444];42.603775691997726
2;538000;1595;run1;1.334788724579056;[0.3972143184582115, 0.0, 0.9375744061208444];42.68256102700252
2;539000;1601;run1;1.3347887245790564;[0.39721431845821203, 0.0, 0.9375744061208444];42.77427790100046
2;540000;1604;run1;1.3347887245790566;[0.39721431845821226, 0.0, 0.9375744061208444];42.85426975700102
2;541000;1607;run1;1.3347887245790568;[0.3972143184582124, 0.0, 0.9375744061208444];42.900098441998125
2;542000;1610;run1;1.3347887245790568;[0.3972143184582125, 0.0, 0.9375744061208444];42.978599540001596
2;543000;1615;run1;1.334788724579057;[0.3972143184582127, 0.0, 0.9375744061208444];43.06462275899685
2;544000;1618;run1;1.3347887245790573;[0.397214318458213, 0.0, 0.9375744061208444];43.143264040998474
2;545000;1621;run1;1.3347887245790575;[0.39721431845821314, 0.0, 0.9375744061208444];43.24498812600359
2;546000;1624;run1;1.3347887245790577;[0.3972143184582133, 0.0, 0.9375744061208444];43.327766169000824
2;547000;1627;run1;1.3347887245790577;[0.3972143184582133, 0.0, 0.9375744061208444];43.41259525100031
2;548000;1630;run1;1.3347887245790577;[0.3972143184582133, 0.0, 0.9375744061208444];43.49594818199694
2;549000;1632;run1;1.3347887245790577;[0.3972143184582133, 0.0, 0.9375744061208444];43.540455779002514
2;550000;1634;run1;1.3347887245790577;[0.3972143184582133, 0.0, 0.9375744061208444];43.61791901400284
2;551000;1637;run1;1.3347887245790577;[0.3972143184582133, 0.0, 0.9375744061208444];43.69931220899889
2;552000;1642;run1;1.3347887245790577;[0.3972143184582133, 0.0, 0.9375744061208444];43.78675074400235
2;553000;1646;run1;1.3347887245790577;[0.3972143184582133, 0.0, 0.9375744061208444];43.87099074199796
2;554000;1649;run1;1.3347887245790577;[0.3972143184582133, 0.0, 0.9375744061208444];43.95004227000027
2;555000;1654;run1;1.3347887245790577;[0.3972143184582133, 0.0, 0.9375744061208444];44.03509082600067
2;556000;1657;run1;1.3347887245790577;[0.3972143184582133, 0.0, 0.9375744061208444];44.12019999699987
2;557000;1660;run1;1.3347887245790577;[0.3972143184582133, 0.0, 0.9375744061208444];44.20203741200385
2;558000;1662;run1;1.3347887245790577;[0.3972143184582133, 0.0, 0.9375744061208444];44.24490034000337
2;559000;1666;run1;1.3347887245790577;[0.3972143184582133, 0.0, 0.9375744061208444];44.32984489999944
2;560000;1669;run1;1.3347887245790577;[0.3972143184582133, 0.0, 0.9375744061208444];44.411842048000835
2;561000;1673;run1;1.3347887245790577;[0.3972143184582133, 0.0, 0.9375744061208444];44.52280864500062
2;562000;1676;run1;1.3347887245790577;[0.3972143184582133, 0.0, 0.9375744061208444];44.567287949001184
2;563000;1679;run1;1.3347887245790577;[0.3972143184582133, 0.0, 0.9375744061208444];44.648473663000914
2;564000;1682;run1;1.3347887245790577;[0.3972143184582133, 0.0, 0.9375744061208444];44.72885373199824
2;565000;1687;run1;1.3347887245790577;[0.3972143184582133, 0.0, 0.9375744061208444];44.815638981999655
2;566000;1691;run1;1.3347887245790577;[0.3972143184582133, 0.0, 0.9375744061208444];44.900487229002465
2;567000;1694;run1;1.3347887245790577;[0.3972143184582133, 0.0, 0.9375744061208444];44.980838092997146
2;568000;1697;run1;1.3347887245790577;[0.3972143184582133, 0.0, 0.9375744061208444];45.06179171700205
2;569000;1701;run1;1.3347887245790577;[0.3972143184582133, 0.0, 0.9375744061208444];45.11168175099738
2;570000;1705;run1;1.3347887245790577;[0.3972143184582133, 0.0, 0.9375744061208444];45.195929893998255
2;571000;1709;run1;1.3347887245790577;[0.3972143184582133, 0.0, 0.9375744061208444];45.278013395000016
2;572000;1715;run1;1.3347887245790577;[0.3972143184582133, 0.0, 0.9375744061208444];45.37119850399904
2;573000;1718;run1;1.3347887245790577;[0.3972143184582133, 0.0, 0.9375744061208444];45.45181280600082
2;574000;1721;run1;1.3347887245790577;[0.3972143184582133, 0.0, 0.9375744061208444];45.49685858200246
2;575000;1724;run1;1.3347887245790577;[0.3972143184582133, 0.0, 0.9375744061208444];45.57766489699861
2;576000;1730;run1;1.3347887245790577;[0.3972143184582133, 0.0, 0.9375744061208444];45.6743039360008
2;577000;1733;run1;1.3347887245790577;[0.3972143184582133, 0.0, 0.9375744061208444];45.75846683800046
2;578000;1736;run1;1.3347887245790577;[0.3972143184582133, 0.0, 0.9375744061208444];45.842548555003305
2;579000;1739;run1;1.3347887245790577;[0.3972143184582133, 0.0, 0.9375744061208444];45.92749653100327
2;580000;1742;run1;1.3347887245790577;[0.3972143184582133, 0.0, 0.9375744061208444];46.01107397599844
2;581000;1745;run1;1.3347887245790577;[0.3972143184582133, 0.0, 0.9375744061208444];46.06008054000267
2;582000;1750;run1;1.3347887245790577;[0.3972143184582133, 0.0, 0.9375744061208444];46.149011966001126
2;583000;1753;run1;1.3347887245790577;[0.3972143184582133, 0.0, 0.9375744061208444];46.233584592002444
2;584000;1756;run1;1.3347887245790577;[0.3972143184582133, 0.0, 0.9375744061208444];46.31642798899702
2;585000;1759;run1;1.3347887245790577;[0.3972143184582133, 0.0, 0.9375744061208444];46.40178798400302
2;586000;1762;run1;1.3347887245790577;[0.3972143184582133, 0.0, 0.9375744061208444];46.48768818000099
2;587000;1766;run1;1.3347887245790577;[0.3972143184582133, 0.0, 0.9375744061208444];46.573911245999625
2;588000;1768;run1;1.3347887245790577;[0.3972143184582133, 0.0, 0.9375744061208444];46.62036139600241
2;589000;1771;run1;1.3347887245790577;[0.3972143184582133, 0.0, 0.9375744061208444];46.701833450002596
2;590000;1774;run1;1.3347887245790577;[0.3972143184582133, 0.0, 0.9375744061208444];46.78315974900033
2;591000;1777;run1;1.3347887245790577;[0.3972143184582133, 0.0, 0.9375744061208444];46.8683577069969
2;592000;1781;run1;1.3347887245790577;[0.3972143184582133, 0.0, 0.9375744061208444];46.95329960100207
2;593000;1786;run1;1.3347887245790577;[0.3972143184582133, 0.0, 0.9375744061208444];47.040030878000834
2;594000;1789;run1;1.3347887245790577;[0.3972143184582133, 0.0, 0.9375744061208444];47.115530199000204
2;595000;1793;run1;1.3347887245790577;[0.3972143184582133, 0.0, 0.9375744061208444];47.19785199999751
2;596000;1796;run1;1.3347887245790577;[0.3972143184582133, 0.0, 0.9375744061208444];47.27882284599764
2;597000;1798;run1;1.3347887245790577;[0.3972143184582133, 0.0, 0.9375744061208444];47.32114796800306
2;598000;1801;run1;1.3347887245790577;[0.3972143184582133, 0.0, 0.9375744061208444];47.40295860100014
2;599000;1804;run1;1.3347887245790577;[0.3972143184582133, 0.0, 0.9375744061208444];47.483290980002494
2;600000;1808;run1;1.3347887245790577;[0.3972143184582133, 0.0, 0.9375744061208444];47.56745182799932
2;601000;1813;run1;1.3347887245790577;[0.3972143184582133, 0.0, 0.9375744061208444];47.6597112160016
2;602000;1816;run1;1.3347887245790577;[0.3972143184582133, 0.0, 0.9375744061208444];47.740613251997274
2;603000;1819;run1;1.3347887245790577;[0.3972143184582133, 0.0, 0.9375744061208444];47.82343962699815
2;604000;1822;run1;1.3347887245790577;[0.3972143184582133, 0.0, 0.9375744061208444];47.87027353200392
2;605000;1825;run1;1.3347887245790577;[0.3972143184582133, 0.0, 0.9375744061208444];47.95284686800005
2;606000;1828;run1;1.3347887245790577;[0.3972143184582133, 0.0, 0.9375744061208444];48.032406666003226
2;607000;1831;run1;1.3347887245790577;[0.3972143184582133, 0.0, 0.9375744061208444];48.11353985899768
2;608000;1834;run1;1.3347887245790577;[0.3972143184582133, 0.0, 0.9375744061208444];48.195449851002195
2;609000;1838;run1;1.3347887245790577;[0.3972143184582133, 0.0, 0.9375744061208444];48.279554763001215
2;610000;1844;run1;1.3347887245790577;[0.3972143184582133, 0.0, 0.9375744061208444];48.36651719699876
2;611000;1847;run1;1.3347887245790577;[0.3972143184582133, 0.0, 0.9375744061208444];48.44672206499672
2;612000;1850;run1;1.3347887245790577;[0.3972143184582133, 0.0, 0.9375744061208444];48.49116025100375
2;613000;1855;run1;1.3347887245790577;[0.3972143184582133, 0.0, 0.9375744061208444];48.581814124998346
2;614000;1858;run1;1.3347887245790577;[0.3972143184582133, 0.0, 0.9375744061208444];48.6648915629994
2;615000;1861;run1;1.3347887245790577;[0.3972143184582133, 0.0, 0.9375744061208444];48.74805976400239
2;616000;1864;run1;1.3347887245790577;[0.3972143184582133, 0.0, 0.9375744061208444];48.83040645100118
2;617000;1867;run1;1.3347887245790577;[0.3972143184582133, 0.0, 0.9375744061208444];48.91468329700001
2;618000;1870;run1;1.3347887245790577;[0.3972143184582133, 0.0, 0.9375744061208444];48.99436139900354
2;619000;1872;run1;1.3347887245790577;[0.3972143184582133, 0.0, 0.9375744061208444];49.03942029800237
2;620000;1874;run1;1.3347887245790577;[0.3972143184582133, 0.0, 0.9375744061208444];49.1199492980013
2;621000;1879;run1;1.3347887245790577;[0.3972143184582133, 0.0, 0.9375744061208444];49.21079761900182
2;622000;1883;run1;1.3347887245790577;[0.3972143184582133, 0.0, 0.9375744061208444];49.29390922300081
2;623000;1888;run1;1.3347887245790577;[0.3972143184582133, 0.0, 0.9375744061208444];49.38705363400368
2;624000;1891;run1;1.3347887245790577;[0.3972143184582133, 0.0, 0.9375744061208444];49.46901545400033
2;625000;1894;run1;1.3347887245790577;[0.3972143184582133, 0.0, 0.9375744061208444];49.551121415002854
2;626000;1896;run1;1.3347887245790577;[0.3972143184582133, 0.0, 0.9375744061208444];49.592456354002934
2;627000;1898;run1;1.3347887245790577;[0.3972143184582133, 0.0, 0.9375744061208444];49.670900010998594
2;628000;1901;run1;1.3347887245790577;[0.3972143184582133, 0.0, 0.9375744061208444];49.75201217400172
2;629000;1904;run1;1.3347887245790577;[0.3972143184582133, 0.0, 0.9375744061208444];49.8352373029993
2;630000;1907;run1;1.3347887245790577;[0.3972143184582133, 0.0, 0.9375744061208444];49.91716251199978
2;631000;1912;run1;1.3347887245790577;[0.3972143184582133, 0.0, 0.9375744061208444];50.00402178100194
2;632000;1915;run1;1.3347887245790577;[0.3972143184582133, 0.0, 0.9375744061208444];50.08409581200249
2;633000;1918;run1;1.3347887245790577;[0.3972143184582133, 0.0, 0.9375744061208444];50.16403957500006
2;634000;1922;run1;1.3347887245790577;[0.3972143184582133, 0.0, 0.9375744061208444];50.254543535003904
2;635000;1924;run1;1.3347887245790577;[0.3972143184582133, 0.0, 0.9375744061208444];50.296754529998
2;636000;1928;run1;1.3347887245790577;[0.3972143184582133, 0.0, 0.9375744061208444];50.38023393799813
2;637000;1933;run1;1.3347887245790577;[0.3972143184582133, 0.0, 0.9375744061208444];50.46834203899925
2;638000;1936;run1;1.3347887245790577;[0.3972143184582133, 0.0, 0.9375744061208444];50.548049816003186
2;639000;1939;run1;1.3347887245790577;[0.3972143184582133, 0.0, 0.9375744061208444];50.62788454400288
2;640000;1942;run1;1.3347887245790577;[0.3972143184582133, 0.0, 0.9375744061208444];50.71234376400389
2;641000;1945;run1;1.3347887245790577;[0.3972143184582133, 0.0, 0.9375744061208444];50.80665456099814
2;642000;1949;run1;1.3347887245790577;[0.3972143184582133, 0.0, 0.9375744061208444];50.891459265003505
2;643000;1951;run1;1.3347887245790577;[0.3972143184582133, 0.0, 0.9375744061208444];50.93730885900004
2;644000;1954;run1;1.3347887245790577;[0.3972143184582133, 0.0, 0.9375744061208444];51.022416967003664
2;645000;1958;run1;1.3347887245790577;[0.3972143184582133, 0.0, 0.9375744061208444];51.108769216996734
2;646000;1964;run1;1.3347887245790577;[0.3972143184582133, 0.0, 0.9375744061208444];51.20314691000385
2;647000;1967;run1;1.3347887245790577;[0.3972143184582133, 0.0, 0.9375744061208444];51.29986218200065
2;648000;1970;run1;1.3347887245790577;[0.3972143184582133, 0.0, 0.9375744061208444];51.40426302499691
2;649000;1974;run1;1.3347887245790577;[0.3972143184582133, 0.0, 0.9375744061208444];51.45758548800222
2;650000;1976;run1;1.3347887245790577;[0.3972143184582133, 0.0, 0.9375744061208444];51.546531781998056
2;651000;1979;run1;1.3347887245790577;[0.3972143184582133, 0.0, 0.9375744061208444];51.63431695100007
2;652000;1982;run1;1.3347887245790577;[0.3972143184582133, 0.0, 0.9375744061208444];51.72094834800373
2;653000;1985;run1;1.3347887245790577;[0.3972143184582133, 0.0, 0.9375744061208444];51.80811217200244
2;654000;1990;run1;1.3347887245790577;[0.3972143184582133, 0.0, 0.9375744061208444];51.90325153499725
2;655000;1994;run1;1.3347887245790577;[0.3972143184582133, 0.0, 0.9375744061208444];51.992653360000986
2;656000;1997;run1;1.3347887245790577;[0.3972143184582133, 0.0, 0.9375744061208444];52.078420354002446
2;657000;2000;run1;1.3347887245790577;[0.3972143184582133, 0.0, 0.9375744061208444];52.16426674700051
3;1000;2;run1;0.0;[0.0, 0.0, 0.0];0.08520018200215418
3;2000;4;run1;0.0;[0.0, 0.0, 0.0];0.1702341290001641
3;3000;6;run1;0.0;[0.0, 0.0, 0.0];0.254873210004007
3;4000;8;run1;0.0;[0.0, 0.0, 0.0];0.337103105004644
3;5000;10;run1;0.0;[0.0, 0.0, 0.0];0.4199353770018206
3;6000;12;run1;0.0;[0.0, 0.0, 0.0];0.5011792200020864
3;7000;14;run1;0.0;[0.0, 0.0, 0.0];0.5837877220037626
3;8000;18;run1;1.5498674508785416e-12;[0.0, 0.0, 1.5498674508785416e-12];0.6981327940011397
3;9000;20;run1;6.743538625877499e-11;[0.0, 0.0, 6.743538625877499e-11];0.7802042809998966
3;10000;22;run1;1.1362785595857206e-09;[0.0, 0.0, 1.1362785595857206e-09];0.8623488360026386
3;11000;24;run1;7.375366971205746e-09;[0.0, 0.0, 7.375366971205746e-09];0.9439683070013416
3;12000;26;run1;1.8457045564532603e-07;[0.0, 0.0, 1.8457045564532603e-07];1.0251595390000148
3;13000;28;run1;6.69200599926358e-07;[0.0, 0.0, 6.69200599926358e-07];1.1088544240046758
3;14000;30;run1;4.5169655601415465e-06;[0.0, 0.0, 4.5169655601415465e-06];1.192346546005865
3;15000;32;run1;2.6541602996300836e-05;[0.0, 0.0, 2.6541602996300836e-05];1.2747260550022474
3;16000;34;run1;7.671066657278719e-05;[0.0, 0.0, 7.671066657278719e-05];1.3568929210014176
3;17000;36;run1;0.00020930875715892015;[0.0, 0.0, 0.00020930875715892015];1.4415258700028062
3;18000;38;run1;0.00020930875715892015;[0.0, 0.0, 0.00020930875715892015];1.5225039190045209
3;19000;40;run1;0.000506415136568138;[0.0, 0.0, 0.000506415136568138];1.6043986110016704
3;20000;42;run1;0.0007820235292461365;[0.0, 0.0, 0.0007820235292461365];1.686520733004727
3;21000;44;run1;0.0012231079714819376;[0.0, 0.0, 0.0012231079714819376];1.768131347002054
3;22000;46;run1;0.0019434079805214254;[0.0, 0.0, 0.0019434079805214254];1.8501664050054387
3;23000;48;run1;0.0023389854521088586;[0.0, 0.0, 0.0023389854521088586];1.932373006005946
3;24000;50;run1;0.0033000516205642125;[0.0, 0.0, 0.0033000516205642125];2.013775216000795
3;25000;52;run1;0.006219460562514175;[0.0, 0.0, 0.006219460562514175];2.0963124930058257
3;26000;54;run1;0.008494635593419935;[0.0, 0.0, 0.008494635593419935];2.1780144900039886
3;27000;56;run1;0.01323407847771107;[0.0, 0.0, 0.01323407847771107];2.2606228310032748
3;28000;58;run1;0.013941880523651288;[0.0, 0.0, 0.013941880523651288];2.342586864004261
3;29000;60;run1;0.014812168282995947;[0.0, 0.0, 0.014812168282995947];2.4243729510053527
3;30000;62;run1;0.026908455971968528;[0.0, 0.0, 0.026908455971968528];2.5063542860007146
3;31000;64;run1;0.035720843552600204;[0.0, 0.0, 0.035720843552600204];2.588019864000671
3;32000;66;run1;0.042666867085646314;[0.0, 0.0, 0.042666867085646314];2.669633885001531
3;33000;68;run1;0.050305121007431;[0.0, 0.0, 0.050305121007431];2.7515096720017027
3;34000;70;run1;0.05242519976396265;[0.0, 0.0, 0.05242519976396265];2.8324950840033125
3;35000;72;run1;0.05700041419344192;[0.0, 0.0, 0.05700041419344192];2.9143583460027003
3;36000;74;run1;0.06744106059622752;[0.0, 0.0, 0.06744106059622752];2.9950133439997444
3;37000;76;run1;0.07308782824690377;[0.0, 0.0, 0.07308782824690377];3.07579442000133
3;38000;78;run1;0.08274380092956016;[0.0, 0.0, 0.08274380092956016];3.1566273950011237
3;39000;80;run1;0.09056513880251182;[0.0, 0.0, 0.09056513880251182];3.2368227530023432
3;40000;82;run1;0.10737333474900973;[0.0, 0.0, 0.10737333474900973];3.3170129920035833
3;41000;84;run1;0.12615457126925878;[0.0, 0.0, 0.12615457126925878];3.39788730500004
3;42000;86;run1;0.15460220959853044;[0.0, 0.0, 0.15460220959853044];3.477467731005163
3;43000;88;run1;0.16491408556971004;[0.0, 0.0, 0.16491408556971004];3.5585537830047542
3;44000;90;run1;0.1811890578550395;[0.0, 0.0, 0.1811890578550395];3.6397390230049496
3;45000;92;run1;0.20458300944280988;[0.0, 0.0, 0.20458300944280988];3.7194104400041397
3;46000;94;run1;0.21056207386979633;[0.0, 0.0, 0.21056207386979633];3.798825765006768
3;47000;96;run1;0.22268955286310768;[0.0, 0.0, 0.22268955286310768];3.878654380001535
3;48000;98;run1;0.24622977856471437;[0.0, 0.0, 0.24622977856471437];3.9667966530032572
3;49000;100;run1;0.2890560710227308;[0.0, 0.0, 0.2890560710227308];4.053312852003728
3;50000;102;run1;0.31492979724965203;[0.0, 0.0, 0.31492979724965203];4.148256915003003
3;51000;104;run1;0.3378453560196449;[0.0, 0.0, 0.3378453560196449];4.246984400000656
3;52000;106;run1;0.35738472687161715;[0.0, 0.0, 0.35738472687161715];4.3248037670055055
3;53000;108;run1;0.3789526931677884;[0.0, 0.0, 0.3789526931677884];4.403131436003605
3;54000;110;run1;0.3868044937978279;[0.0, 0.0, 0.3868044937978279];4.480560694006272
3;55000;112;run1;0.3907892812175428;[0.0, 0.0, 0.3907892812175428];4.558915462999721
3;56000;114;run1;0.3949018444541574;[0.0, 0.0, 0.3949018444541574];4.637801967000996
3;57000;116;run1;0.40339546423877287;[0.0, 0.0, 0.40339546423877287];4.7163340500046615
3;58000;118;run1;0.40775883601626395;[0.0, 0.0, 0.40775883601626395];4.7948554340036935
3;59000;120;run1;0.4166838316344847;[0.0, 0.0, 0.4166838316344847];4.873490332000074
3;60000;122;run1;0.4256363237669534;[0.0, 0.0, 0.4256363237669534];4.952202616004797
3;61000;124;run1;0.43832332492103343;[0.0, 0.0, 0.43832332492103343];5.031858374000876
3;62000;126;run1;0.44569187939276345;[0.0, 0.0, 0.44569187939276345];5.1113534980031545
3;63000;128;run1;0.4631047355464484;[0.0, 0.0, 0.4631047355464484];5.1908987180067925
3;64000;130;run1;0.46559280985568813;[0.0, 0.0, 0.46559280985568813];5.271638526006427
3;65000;132;run1;0.46816924805737636;[0.0, 0.0, 0.46816924805737636];5.3498386120045325
3;66000;134;run1;0.4735065583955802;[0.0, 0.0, 0.4735065583955802];5.427405431000807
3;67000;136;run1;0.47621345896542544;[0.0, 0.0, 0.47621345896542544];5.504446586004633
3;68000;138;run1;0.4786496694782862;[0.0, 0.0, 0.4786496694782862];5.582528659004311
3;69000;140;run1;0.48360785900343367;[0.0, 4.561160817937008e-18, 0.48360785900343367];5.659642751001229
3;70000;142;run1;0.49072921110413315;[0.0, 5.656091353353859e-17, 0.4907292111041331];5.737389411006006
3;71000;144;run1;0.4950648774375359;[0.0, 9.991122686640796e-16, 0.4950648774375349];5.814444180999999
3;72000;146;run1;0.5013747192041316;[0.0, 7.219781735652846e-14, 0.5013747192040594];5.892234653001651
3;73000;148;run1;0.5068305734930134;[0.0, 2.8727925186169627e-13, 0.5068305734927261];5.969862226003897
3;74000;150;run1;0.510292499955024;[0.0, 9.402922615441703e-13, 0.5102924999540838];6.04754679799953
3;75000;152;run1;0.5173140127379261;[0.0, 4.254698486099005e-12, 0.5173140127336714];6.1251356180000585
3;76000;154;run1;0.5207683615532792;[0.0, 1.0061153430874887e-11, 0.520768361543218];6.203007053001784
3;77000;156;run1;0.5237281650399782;[0.0, 2.2075108809939926e-11, 0.5237281650179031];6.280422416006331
3;78000;158;run1;0.5254147082355627;[0.0, 3.55673111426306e-11, 0.5254147081999954];6.357729774004838
3;79000;160;run1;0.5269294792226571;[0.0, 5.854352741862493e-11, 0.5269294791641136];6.43620896700304
3;80000;162;run1;0.5299078090876136;[0.0, 1.5574992938323775e-10, 0.5299078089318636];6.514373095000337
3;81000;164;run1;0.5299078090876136;[0.0, 1.5574992938323775e-10, 0.5299078089318636];6.592196249002882
3;82000;166;run1;0.5312070829354627;[0.0, 2.70822654517866e-10, 0.53120708266464];6.6689353520050645
3;83000;168;run1;0.5323565732246981;[0.0, 1.245161437628341e-09, 0.5323565719795367];6.747159353006282
3;84000;170;run1;0.5323565754858782;[0.0, 3.5063415030803724e-09, 0.5323565719795367];6.824352996001835
3;85000;172;run1;0.533315503579987;[0.0, 1.2708164932946364e-08, 0.5333154908718221];6.902199344003748
3;86000;174;run1;0.534245176026403;[0.0, 5.325955884295146e-08, 0.5342451227668441];6.979950581000594
3;87000;176;run1;0.5345397704594002;[0.0, 7.384715873565029e-08, 0.5345396966122414];7.057871960001648
3;88000;178;run1;0.535104067044507;[0.0, 1.7040157173650888e-07, 0.5351038966429352];7.124532088004344
3;89000;181;run1;0.536895907081396;[0.0, 1.9780677354169233e-06, 0.5368939290136606];7.206044016005762
3;90000;184;run1;0.5380605106407799;[0.0, 8.227044539522326e-06, 0.5380522835962404];7.289033286004269
3;91000;187;run1;0.5383944525951098;[0.0, 1.1603943665937088e-05, 0.5383828486514438];7.37058667200472
3;92000;189;run1;0.538576196693622;[0.0, 1.3906659989351133e-05, 0.5385622900336327];7.4134009469999
3;93000;193;run1;0.538970628368583;[0.0, 2.4299718540782357e-05, 0.5389463286500422];7.5136981989999185
3;94000;196;run1;0.5390374766205626;[0.0, 2.6867499906195475e-05, 0.5390106091206563];7.594601165001222
3;95000;199;run1;0.5392361651710327;[0.0, 4.0796202873608104e-05, 0.5391953689681591];7.648701157006144
3;96000;204;run1;0.5395612460361845;[0.0, 9.605241947020104e-05, 0.5394651936167143];7.724867428005382
3;97000;208;run1;0.539975363470383;[0.0, 0.00024167337382598587, 0.539733690096557];7.8113640080046025
3;98000;214;run1;0.5409173059388;[1.1531990838462482e-13, 0.0008522977852172613, 0.5400650081534675];7.910526907005988
3;99000;223;run1;0.5419682118490565;[1.528777593431306e-11, 0.0017691535385799533, 0.5401990582951888];7.979475522006396
3;100000;229;run1;0.5435614230248321;[3.076545124063866e-10, 0.0032938748223372634, 0.5402675478948403];8.04382496100152
3;101000;241;run1;0.5474969141445776;[8.724269349134958e-09, 0.007173941987964715, 0.5403229634323435];8.129680080004619
3;102000;246;run1;0.5487584239033777;[2.8483289440929106e-08, 0.00842642708532209, 0.5403319683347662];8.188627075003751
3;103000;253;run1;0.5525059058219282;[2.796017621278703e-07, 0.012153597404864784, 0.5403520288153012];8.291879936004989
3;104000;256;run1;0.5536459604428497;[4.353974569813288e-07, 0.01328640117009724, 0.5403591238752955];8.345538423003745
3;105000;262;run1;0.5554606846059461;[1.028726909086802e-06, 0.015080082614700481, 0.5403795732643365];8.440825644000142
3;106000;266;run1;0.5578857317028303;[2.6734311681551664e-06, 0.017452687914066702, 0.5404303703575954];8.4992064590042
3;107000;271;run1;0.560680266070357;[6.261084358723095e-06, 0.02011165010909256, 0.5405623548769057];8.590715146005095
3;108000;277;run1;0.5653872232644739;[1.7506523662985477e-05, 0.024252756948563815, 0.541116959792247];8.684703160004574
3;109000;280;run1;0.5669727260480144;[2.27875275550382e-05, 0.02555637555518711, 0.5413935629652723];8.737983803999668
3;110000;287;run1;0.5747020714594343;[6.441414532097763e-05, 0.031341107821263994, 0.5432965494928493];8.809093053001561
3;111000;296;run1;0.5809024878934042;[0.00013451568474269986, 0.03526414976178177, 0.5455038224468797];8.886824423003418
3;112000;304;run1;0.5912704938469944;[0.0003444072234742676, 0.04045352391417069, 0.5504725627093494];8.991762859004666
3;113000;313;run1;0.6249322496327399;[0.0017713663024873138, 0.053657666381265845, 0.5695032169489866];9.071711922006216
3;114000;319;run1;0.655397602863756;[0.003641131700942674, 0.06425222480763243, 0.587504246355181];9.135077872000693
3;115000;326;run1;0.6826628776330677;[0.005754191237178092, 0.07313996168751448, 0.6037687247083751];9.20061828300095
3;116000;334;run1;0.7153913626249045;[0.008930885191357896, 0.08295490084343925, 0.6235055765901074];9.30412842000078
3;117000;337;run1;0.7336533322103865;[0.01087386820023546, 0.08821693418150113, 0.6345625298286499];9.352939913005685
3;118000;343;run1;0.7925459216934228;[0.018168909447658227, 0.10455862365975754, 0.669818388586007];9.45103996200487
3;119000;348;run1;0.8227865394276468;[0.02275749548216912, 0.11261971549107716, 0.6874093284544005];9.507711044003372
3;120000;357;run1;0.8821846624299456;[0.03266006693625904, 0.1284137103861135, 0.7211108851075732];9.584040593006648
3;121000;364;run1;0.9423920106619537;[0.04355518171892612, 0.14461319894291652, 0.7542236300001111];9.69014000500465
3;122000;370;run1;0.9888326012665307;[0.05309397468099132, 0.15712823596979933, 0.7786103906157401];9.750926769003854
3;123000;377;run1;1.065823248237235;[0.07259722073757274, 0.1779951890466171, 0.8152308384530451];9.821279218005657
3;124000;385;run1;1.12820554147414;[0.09160347655813027, 0.1950388941204424, 0.8415631707955675];9.923823188000824
3;125000;388;run1;1.1437547509733874;[0.09676380290131167, 0.19928068212936503, 0.8477102659427108];9.972390359005658
3;126000;394;run1;1.1782295465143664;[0.10941354038990643, 0.20884696624826293, 0.859969039876197];10.068227679999836
3;127000;399;run1;1.21769743838977;[0.12489232666581122, 0.2202092129717214, 0.8725958987522375];10.129474692999793
3;128000;406;run1;1.255811993806438;[0.14107010910642406, 0.2313770417265618, 0.8833648429734523];10.228316024004016
3;129000;410;run1;1.2868584173744941;[0.1556126763968957, 0.24038773078867168, 0.8908580101889269];10.286080263002077
3;130000;418;run1;1.3465913750079241;[0.18613108392335115, 0.25732056115267055, 0.9031397299319024];10.3868356210005
3;131000;422;run1;1.3856759347854397;[0.2075838396453513, 0.26807190828650673, 0.9100201868535815];10.440370705000532
3;132000;427;run1;1.4050011774285656;[0.21863954142151065, 0.2732811867681589, 0.913080449238896];10.531555058005324
3;133000;432;run1;1.4337365185656468;[0.23551288378139043, 0.2809970116783909, 0.9172266231058654];10.59255263000523
3;134000;439;run1;1.452044210421369;[0.24649130200712366, 0.28602442181437493, 0.9195284865998705];10.69104200500442
3;135000;445;run1;1.4877280479757582;[0.2679267629855448, 0.2962040589881511, 0.9235972260020624];10.750744248005503
3;136000;453;run1;1.519725428437121;[0.28720189576422733, 0.3055449116660005, 0.9269786210068933];10.823595851004939
3;137000;460;run1;1.5388953752989534;[0.29893846790134154, 0.31115665411897464, 0.9288002532786371];10.925149358001363
3;138000;466;run1;1.5638210720572951;[0.3145263900727694, 0.3183617777903811, 0.9309329041941447];10.985973633003596
3;139000;472;run1;1.580621270344984;[0.3252864921430808, 0.32312143771807034, 0.9322133404838328];11.0805453100038
3;140000;476;run1;1.6001863339373776;[0.33807511266179463, 0.32857142738606154, 0.9335397938895216];11.134825742999965
3;141000;484;run1;1.6185659028460404;[0.3501694267414016, 0.3337252438201516, 0.9346712322844873];11.233758546004537
3;142000;488;run1;1.6296648658342061;[0.3573704131451933, 0.3370127743969315, 0.9352816782920812];11.29187692400592
3;143000;496;run1;1.6436746609969464;[0.3661715657381104, 0.34153106666760513, 0.9359720285912307];11.39248715800204
3;144000;499;run1;1.6482226077540711;[0.3688791265249335, 0.3431716298416687, 0.936171851387469];11.44225043100596
3;145000;508;run1;1.6646832185734164;[0.37761985307093726, 0.35027398059494685, 0.9367893849075323];11.55193060199963
3;146000;511;run1;1.6706579059271074;[0.3804059801345776, 0.35327199384097246, 0.9369799319515572];11.600432220002403
3;147000;517;run1;1.676224179320227;[0.3827571687222736, 0.35633286432052663, 0.9371341462774269];11.698191824005335
3;148000;521;run1;1.6800125881057444;[0.38417083595129614, 0.3586218400899012, 0.937219912064547];11.752200242000981
3;149000;526;run1;1.683090618127843;[0.3852078722926765, 0.3606049722437474, 0.9372777735914193];11.840562971003237
3;150000;533;run1;1.6881180308316885;[0.386691823438156, 0.3640751877577051, 0.9373510196358275];11.907087923005747
3;151000;542;run1;1.6981740241599392;[0.38922356964214894, 0.37150210835525, 0.9374483461625404];11.983830613004102
3;152000;547;run1;1.7033418513951881;[0.39038601691853303, 0.3754734120407767, 0.9374824224358785];12.075603479002893
3;153000;553;run1;1.7082485660838582;[0.39139131782805103, 0.37935022893922987, 0.9375070193165773];12.168334235000657
3;154000;559;run1;1.7131066356308968;[0.3922683102113285, 0.3833140423337116, 0.9375242830858568];12.227050935005536
3;155000;565;run1;1.7187763433706498;[0.39319333969954084, 0.38804254196144955, 0.9375404617096595];12.323822592006763
3;156000;568;run1;1.7218150477503567;[0.3936265031645913, 0.39064146326558846, 0.937547081320177];12.370660564003629
3;157000;574;run1;1.7256377663780178;[0.39410215507809243, 0.3939820423412808, 0.9375535689586444];12.466244414004905
3;158000;578;run1;1.730443443906079;[0.39460291647324947, 0.3982810357670277, 0.9375594916658018];12.521057855003164
3;159000;586;run1;1.7379346347772167;[0.39524728813919346, 0.405121574653848, 0.9375657719841752];12.622991691001516
3;160000;598;run1;1.7469678347046758;[0.3958117832168095, 0.41358634618402784, 0.9375697053038383];12.706276348006213
3;161000;608;run1;1.757099388267783;[0.39623809556880896, 0.4232894905301123, 0.9375718021688618];12.75497216200165
3;162000;616;run1;1.763421692093171;[0.3964462651948396, 0.4294028086764669, 0.9375726182218644];12.855482187005691
3;163000;622;run1;1.7716930470803407;[0.39666390519315403, 0.43745581074412215, 0.9375733311430645];12.91619417900074
3;164000;628;run1;1.776109577455262;[0.39675931003923703, 0.4417766592527013, 0.9375736081633237];13.009396086003107
3;165000;637;run1;1.7866698358631794;[0.39691699695692084, 0.4521788464369302, 0.9375739924693284];13.080876988002274
3;166000;642;run1;1.790890500557508;[0.39696515609587135, 0.4563512516651884, 0.9375740927964483];13.136708403006196
3;167000;646;run1;1.7935574304830113;[0.3969912221833939, 0.4589920666562599, 0.9375741416433575];13.225594290001027
3;168000;652;run1;1.7996601938102799;[0.39704301395599023, 0.4650429513812279, 0.9375742284730617];13.321499047000543
3;169000;655;run1;1.8025221991127869;[0.3970649848486061, 0.4678829522687926, 0.9375742619953883];13.367574528005207
3;170000;661;run1;1.8056459127112747;[0.39708725169488185, 0.4709843680467187, 0.9375742929696743];13.465274579000834
3;171000;666;run1;1.8101406860224247;[0.39711603050915534, 0.4754503283844625, 0.9375743271288067];13.525059127001441
3;172000;673;run1;1.8130595798104256;[0.3971320638995625, 0.4783531720021131, 0.93757434390875];13.624273692003044
3;173000;679;run1;1.8146765486384742;[0.39713937802112537, 0.47996281961871357, 0.9375743509986352];13.687567635999585
3;174000;687;run1;1.8182929776872117;[0.39715281257069046, 0.48356580186701015, 0.9375743632495109];13.761110866005765
3;175000;694;run1;1.823867874762491;[0.39716875014014497, 0.489124747956735, 0.937574376665611];13.864758432006056
3;176000;698;run1;1.8277074367631054;[0.39717757056887526, 0.4929554825359623, 0.937574383658268];13.922732828003063
3;177000;703;run1;1.8313260717192206;[0.39718483048956854, 0.49656685203273315, 0.9375743891969189];14.015043320003315
3;178000;711;run1;1.8360332273033908;[0.39719280246465605, 0.5012660299167548, 0.93757439492198];14.083182253001723
3;179000;715;run1;1.8384208169550433;[0.3971962513439377, 0.5036501683500806, 0.9375743972610252];14.170715092004684
3;180000;722;run1;1.841831223494251;[0.39720031391444127, 0.5070565097172199, 0.93757439986259];14.242785339003603
3;181000;730;run1;1.8482144997030803;[0.3972057551246765, 0.5134343415973348, 0.9375744029810691];14.354429202001484
3;182000;736;run1;1.8507563878438802;[0.3972073511218532, 0.5159746329370363, 0.9375744037849907];14.414409471006365
3;183000;742;run1;1.8564985642277043;[0.3972100647213411, 0.5217140945315795, 0.9375744049747838];14.480174936004914
3;184000;748;run1;1.858041478363341;[0.39721065255870375, 0.5232564206029318, 0.9375744052017053];14.578435347000777
3;185000;753;run1;1.8594433022080286;[0.3972110948347367, 0.5246578020179068, 0.9375744053553852];14.636389213999792
3;186000;762;run1;1.863196955901288;[0.39721205008568283, 0.528410500159764, 0.9375744056558412];14.71548824900674
3;187000;769;run1;1.867667376366863;[0.39721288040164515, 0.5328800900843411, 0.9375744058808767];14.810895616006746
3;188000;776;run1;1.869414324247356;[0.3972131460079044, 0.5346267722935023, 0.9375744059459491];14.875832044002891
3;189000;781;run1;1.8719100294737796;[0.39721346113469014, 0.5371221623220974, 0.9375744060169919];14.97639496800548
3;190000;787;run1;1.8730990333493527;[0.3972135784625815, 0.5383110488458619, 0.9375744060409092];15.078962873005366
3;191000;790;run1;1.874501725234972;[0.39721369098647474, 0.5397136281865891, 0.9375744060619082];15.132972623003297
3;192000;798;run1;1.8767723472059423;[0.3972138348039369, 0.5419841063163744, 0.937574406085631];15.217238406003162
3;193000;802;run1;1.8776038930403256;[0.39721388062673874, 0.5428156063211855, 0.9375744060924014];15.33016992299963
3;194000;808;run1;1.879223388275021;[0.3972139632073595, 0.5444350189645959, 0.9375744061030655];15.437996527005453
3;195000;811;run1;1.8795863124636356;[0.3972139814614031, 0.5447979248971504, 0.9375744061050822];15.48845511500258
3;196000;819;run1;1.8809828683968939;[0.3972140543196691, 0.5461944079655602, 0.9375744061116646];15.565729118003219
3;197000;826;run1;1.8817848429994495;[0.39721410027632836, 0.5469963366085853, 0.9375744061145359];15.669922135006345
3;198000;831;run1;1.8824852000896737;[0.3972141433234839, 0.5476966506496173, 0.9375744061165726];15.728786954001407
3;199000;838;run1;1.8830088540947472;[0.3972141764659923, 0.548220271510956, 0.9375744061177987];15.839956851006718
3;200000;842;run1;1.8834315210115302;[0.397214203136912, 0.5486429117559666, 0.9375744061186516];15.893882882999605
3;201000;847;run1;1.8839425807400243;[0.3972142344996359, 0.5491539401208905, 0.937574406119498];15.989725243001885
3;202000;853;run1;1.884119941531916;[0.39721424472807954, 0.5493312906841116, 0.9375744061197251];16.049447503006377
3;203000;861;run1;1.8846090021458672;[0.3972142696476746, 0.5498203263779997, 0.937574406120193];16.13102960100514
3;204000;870;run1;1.8850428820968759;[0.3972142882822159, 0.5502541876941561, 0.9375744061205037];16.22902669400355
3;205000;874;run1;1.8851110084840867;[0.39721429070737313, 0.5503223116561737, 0.9375744061205399];16.315616340005363
3;206000;882;run1;1.8852879672703078;[0.3972142961224752, 0.5504992650272159, 0.9375744061206165];16.38710146000085
3;207000;886;run1;1.885472858297581;[0.3972143003061553, 0.550684151870754, 0.9375744061206716];16.479985155005124
3;208000;892;run1;1.8856782640507186;[0.397214304347476, 0.5508895535825197, 0.937574406120723];16.577435051003704
3;209000;898;run1;1.8859460187413282;[0.39721430868664426, 0.551157303933908, 0.9375744061207759];16.63892066500557
3;210000;904;run1;1.8860782770100664;[0.39721431047811284, 0.551289560411157, 0.9375744061207966];16.73580024500552
3;211000;907;run1;1.8861751189986151;[0.39721431163803783, 0.5513864012397682, 0.937574406120809];16.786271745004342
3;212000;916;run1;1.88638674154591;[0.3972143139268392, 0.5515980214982403, 0.9375744061208303];16.86337608800386
3;213000;925;run1;1.88650280313363;[0.3972143150631609, 0.5517140819496311, 0.937574406120838];16.943785059003858
3;214000;931;run1;1.8865757429669792;[0.3972143157486446, 0.5517870210974936, 0.9375744061208412];17.04198487400572
3;215000;940;run1;1.8866555871015662;[0.3972143164748717, 0.5518668645058509, 0.9375744061208435];17.112396474003617
3;216000;947;run1;1.8867156418388369;[0.39721431698851806, 0.5519269187294744, 0.9375744061208444];17.1788495800065
3;217000;955;run1;1.8867683297309186;[0.3972143173962672, 0.551979606213807, 0.9375744061208444];17.28728073900129
3;218000;958;run1;1.88678122225165;[0.3972143174915317, 0.551992498639274, 0.9375744061208444];17.335803726004087
3;219000;968;run1;1.8868234247326168;[0.3972143177878927, 0.5520347008238797, 0.9375744061208444];17.41274428900215
3;220000;973;run1;1.8868397177411813;[0.39721431788923256, 0.5520509937311042, 0.9375744061208444];17.50433699300629
3;221000;980;run1;1.886856629394277;[0.3972143179855306, 0.552067905287902, 0.9375744061208444];17.56890884200402
3;222000;985;run1;1.88687572353935;[0.3972143180816668, 0.5520869993368388, 0.9375744061208444];17.659891854003945
3;223000;994;run1;1.8869040450251549;[0.3972143181992617, 0.5521153207050488, 0.9375744061208444];17.731611706003605
3;224000;1000;run1;1.8869232725330047;[0.39721431826899706, 0.5521345481431633, 0.9375744061208444];17.831334050002624
3;225000;1006;run1;1.8869406302841363;[0.39721431832876175, 0.5521519058345301, 0.9375744061208444];17.8951789940038
3;226000;1012;run1;1.8869484475758567;[0.39721431835534227, 0.5521597230996699, 0.9375744061208444];17.988296562005416
3;227000;1015;run1;1.8869535678603753;[0.39721431837240384, 0.5521648433671271, 0.9375744061208444];18.033400785003323
3;228000;1024;run1;1.8869603106611081;[0.3972143183937876, 0.552171586146476, 0.9375744061208444];18.14756729700457
3;229000;1027;run1;1.886963119734451;[0.39721431840210836, 0.5521743952114982, 0.9375744061208444];18.200809576999745
3;230000;1037;run1;1.88696801406194;[0.39721431841530563, 0.5521792895257901, 0.9375744061208444];18.276773823999974
3;231000;1045;run1;1.886972715484379;[0.39721431842653104, 0.5521839909370035, 0.9375744061208444];18.379750971005706
3;232000;1049;run1;1.8869747431398924;[0.39721431843109006, 0.5521860185879579, 0.9375744061208444];18.434758457005955
3;233000;1054;run1;1.8869777783045976;[0.39721431843767163, 0.5521890537460815, 0.9375744061208444];18.52598025000043
3;234000;1059;run1;1.8869786665612043;[0.3972143184395603, 0.5521899420007996, 0.9375744061208444];18.589967674000945
3;235000;1063;run1;1.8869796863949357;[0.39721431844171295, 0.5521909618323785, 0.9375744061208444];18.677551469001628
3;236000;1070;run1;1.8869811829498115;[0.3972143184448322, 0.5521924583841349, 0.9375744061208444];18.748567471004208
3;237000;1075;run1;1.8869817477540904;[0.39721431844603666, 0.5521930231872094, 0.9375744061208444];18.84611175700411
3;238000;1085;run1;1.886983437817424;[0.3972143184500166, 0.552194713246563, 0.9375744061208444];18.91501258900098
3;239000;1093;run1;1.8869840004527176;[0.39721431845149735, 0.5521952758803759, 0.9375744061208444];19.027862492002896
3;240000;1096;run1;1.8869842571832998;[0.39721431845223654, 0.5521955326102188, 0.9375744061208444];19.07881359000021
3;241000;1111;run1;1.8869848717602113;[0.39721431845425914, 0.5521961471851078, 0.9375744061208444];19.184037986000476
3;242000;1115;run1;1.8869849798415765;[0.3972143184546577, 0.5521962552660744, 0.9375744061208444];19.242913074005628
3;243000;1120;run1;1.8869851388655345;[0.39721431845526606, 0.5521964142894241, 0.9375744061208444];19.34012378000625
3;244000;1126;run1;1.886985400383295;[0.39721431845630545, 0.5521966758061452, 0.9375744061208444];19.415293174002727
3;245000;1136;run1;1.886985587247608;[0.3972143184570277, 0.5521968626697359, 0.9375744061208444];19.496059219003655
3;246000;1141;run1;1.8869856432592527;[0.3972143184572259, 0.5521969186811823, 0.9375744061208444];19.587329032001435
3;247000;1147;run1;1.8869857041882772;[0.3972143184574234, 0.5521969796100092, 0.9375744061208444];19.676216882005974
3;248000;1152;run1;1.8869857944720074;[0.3972143184576804, 0.5521970698934827, 0.9375744061208444];19.744706106001104
3;249000;1159;run1;1.886985859432098;[0.3972143184578286, 0.5521971348534251, 0.9375744061208444];19.856509219003783
3;250000;1164;run1;1.8869859060394583;[0.3972143184579132, 0.5521971814607006, 0.9375744061208444];19.91373018100421
3;251000;1171;run1;1.8869859481409796;[0.39721431845798, 0.5521972235621553, 0.9375744061208444];20.01872107500094
3;252000;1176;run1;1.8869859641612063;[0.3972143184580023, 0.5521972395823597, 0.9375744061208444];20.08175937400665
3;253000;1184;run1;1.8869860197040897;[0.39721431845807365, 0.5521972951251718, 0.9375744061208444];20.160911427999963
3;254000;1189;run1;1.8869860338631586;[0.39721431845809047, 0.5521973092842237, 0.9375744061208444];20.256566992000444
3;255000;1195;run1;1.8869860542346764;[0.39721431845811495, 0.552197329655717, 0.9375744061208444];20.35393717900297
3;256000;1198;run1;1.8869860610226734;[0.3972143184581233, 0.5521973364437057, 0.9375744061208444];20.413442910001322
3;257000;1208;run1;1.886986078882746;[0.3972143184581458, 0.5521973543037558, 0.9375744061208444];20.498174423002638
3;258000;1213;run1;1.8869860879545288;[0.39721431845815725, 0.5521973633755272, 0.9375744061208444];20.593962898004975
3;259000;1218;run1;1.8869860946024375;[0.3972143184581656, 0.5521973700234275, 0.9375744061208444];20.65464228800556
3;260000;1222;run1;1.886986097236956;[0.397214318458169, 0.5521973726579426, 0.9375744061208444];20.740627000006498
3;261000;1230;run1;1.8869861059161046;[0.39721431845818034, 0.5521973813370799, 0.9375744061208444];20.81844423000439
3;262000;1237;run1;1.8869861122545328;[0.3972143184581889, 0.5521973876754995, 0.9375744061208444];20.926765629999863
3;263000;1241;run1;1.8869861144491558;[0.3972143184581919, 0.5521973898701196, 0.9375744061208444];20.987400936006452
3;264000;1246;run1;1.8869861174087073;[0.39721431845819605, 0.5521973928296668, 0.9375744061208444];21.089217357999587
3;265000;1252;run1;1.8869861214740313;[0.39721431845820176, 0.5521973968949851, 0.9375744061208444];21.207345720002195
3;266000;1255;run1;1.8869861221802462;[0.3972143184582028, 0.552197397601199, 0.9375744061208444];21.283696828002576
3;267000;1261;run1;1.8869861237155527;[0.3972143184582051, 0.5521973991365031, 0.9375744061208444];21.39974993600481
3;268000;1265;run1;1.8869861245163129;[0.3972143184582062, 0.5521973999372622, 0.9375744061208444];21.46693529500044
3;269000;1276;run1;1.8869861258878493;[0.3972143184582082, 0.5521974013087968, 0.9375744061208444];21.555356472999847
3;270000;1282;run1;1.8869861271181456;[0.39721431845820987, 0.5521974025390913, 0.9375744061208444];21.681389058001514
3;271000;1286;run1;1.8869861280509106;[0.3972143184582111, 0.5521974034718551, 0.9375744061208444];21.749454330005392
3;272000;1294;run1;1.8869861287521073;[0.3972143184582119, 0.5521974041730509, 0.9375744061208444];21.873804374001338
3;273000;1297;run1;1.8869861290308376;[0.39721431845821226, 0.552197404451781, 0.9375744061208444];21.929859601004864
3;274000;1303;run1;1.8869861292956491;[0.3972143184582126, 0.5521974047165921, 0.9375744061208444];22.04471268000634
3;275000;1309;run1;1.8869861297825283;[0.39721431845821303, 0.5521974052034708, 0.9375744061208444];22.11642158200266
3;276000;1315;run1;1.88698613006919;[0.3972143184582133, 0.5521974054901323, 0.9375744061208444];22.236306113001774
3;277000;1319;run1;1.886986130214596;[0.3972143184582133, 0.5521974056355383, 0.9375744061208444];22.306128789001377
3;278000;1327;run1;1.8869861305029307;[0.3972143184582133, 0.552197405923873, 0.9375744061208444];22.437941502001195
3;279000;1330;run1;1.8869861305836932;[0.3972143184582133, 0.5521974060046355, 0.9375744061208444];22.496645897001144
3;280000;1348;run1;1.8869861308620521;[0.3972143184582133, 0.5521974062829945, 0.9375744061208444];22.62293317300646
3;281000;1351;run1;1.8869861308963436;[0.3972143184582133, 0.5521974063172859, 0.9375744061208444];22.678298195001844
3;282000;1357;run1;1.8869861309897287;[0.3972143184582133, 0.5521974064106709, 0.9375744061208444];22.7922744460011
3;283000;1366;run1;1.8869861311026472;[0.3972143184582133, 0.5521974065235895, 0.9375744061208444];22.872506511004758
3;284000;1372;run1;1.8869861311428315;[0.3972143184582133, 0.5521974065637738, 0.9375744061208444];22.96832468300272
3;285000;1375;run1;1.8869861311693594;[0.3972143184582133, 0.5521974065903017, 0.9375744061208444];23.016777647004346
3;286000;1384;run1;1.8869861312418714;[0.3972143184582133, 0.5521974066628137, 0.9375744061208444];23.134409900005267
3;287000;1390;run1;1.8869861312899787;[0.3972143184582133, 0.552197406710921, 0.9375744061208444];23.208279938000487
3;288000;1395;run1;1.8869861313061291;[0.3972143184582133, 0.5521974067270714, 0.9375744061208444];23.27077115200518
3;289000;1409;run1;1.8869861313746576;[0.3972143184582133, 0.5521974067955999, 0.9375744061208444];23.35863843200059
3;290000;1417;run1;1.8869861313915375;[0.3972143184582133, 0.5521974068124799, 0.9375744061208444];23.466336764002335
3;291000;1420;run1;1.886986131395802;[0.3972143184582133, 0.5521974068167445, 0.9375744061208444];23.518874220004363
3;292000;1429;run1;1.8869861314067382;[0.3972143184582133, 0.5521974068276805, 0.9375744061208444];23.632981489005033
3;293000;1439;run1;1.8869861314148735;[0.3972143184582133, 0.5521974068358159, 0.9375744061208444];23.677320776005217
3;294000;1448;run1;1.8869861314254202;[0.3972143184582133, 0.5521974068463625, 0.9375744061208444];23.759181650006212
3;295000;1453;run1;1.8869861314296847;[0.3972143184582133, 0.5521974068506269, 0.9375744061208444];23.850778341002297
3;296000;1460;run1;1.8869861314333933;[0.3972143184582133, 0.5521974068543357, 0.9375744061208444];23.91688272600004
3;297000;1468;run1;1.8869861314376144;[0.3972143184582133, 0.5521974068585567, 0.9375744061208444];24.025122031001956
3;298000;1477;run1;1.8869861314392407;[0.3972143184582133, 0.552197406860183, 0.9375744061208444];24.106435140005487
3;299000;1481;run1;1.8869861314407423;[0.3972143184582133, 0.5521974068616846, 0.9375744061208444];24.162689112003136
3;300000;1486;run1;1.8869861314414667;[0.3972143184582133, 0.5521974068624089, 0.9375744061208444];24.25807167000312
3;301000;1493;run1;1.8869861314426728;[0.3972143184582133, 0.5521974068636151, 0.9375744061208444];24.32297828100127
3;302000;1498;run1;1.8869861314433654;[0.3972143184582133, 0.5521974068643076, 0.9375744061208444];24.429789877001895
3;303000;1505;run1;1.8869861314442424;[0.3972143184582133, 0.5521974068651846, 0.9375744061208444];24.499202016006166
3;304000;1510;run1;1.8869861314445606;[0.3972143184582133, 0.5521974068655029, 0.9375744061208444];24.590961153000535
3;305000;1516;run1;1.8869861314448584;[0.3972143184582133, 0.5521974068658007, 0.9375744061208444];24.690247010003077
3;306000;1519;run1;1.88698613144502;[0.3972143184582133, 0.5521974068659624, 0.9375744061208444];24.747420311003225
3;307000;1529;run1;1.8869861314453638;[0.3972143184582133, 0.5521974068663059, 0.9375744061208444];24.832512685003167
3;308000;1534;run1;1.886986131445503;[0.3972143184582133, 0.5521974068664453, 0.9375744061208444];24.92685191000055
3;309000;1540;run1;1.8869861314456364;[0.3972143184582133, 0.5521974068665786, 0.9375744061208444];25.03238018900447
3;310000;1543;run1;1.8869861314457177;[0.3972143184582133, 0.5521974068666599, 0.9375744061208444];25.0997531230023
3;311000;1549;run1;1.886986131445796;[0.3972143184582133, 0.5521974068667383, 0.9375744061208444];25.20270319800329
3;312000;1553;run1;1.8869861314458567;[0.3972143184582133, 0.5521974068667991, 0.9375744061208444];25.25906796000345
3;313000;1566;run1;1.8869861314459786;[0.3972143184582133, 0.5521974068669209, 0.9375744061208444];25.334685490000993
3;314000;1573;run1;1.8869861314460028;[0.3972143184582133, 0.5521974068669451, 0.9375744061208444];25.438181987999997
3;315000;1577;run1;1.8869861314460108;[0.3972143184582133, 0.5521974068669531, 0.9375744061208444];25.493282610004826
3;316000;1588;run1;1.8869861314460454;[0.3972143184582133, 0.5521974068669877, 0.9375744061208444];25.60620773300616
3;317000;1591;run1;1.8869861314460508;[0.3972143184582133, 0.5521974068669929, 0.9375744061208444];25.65472343500005
3;318000;1599;run1;1.8869861314460632;[0.3972143184582133, 0.5521974068670054, 0.9375744061208444];25.72863875800249
3;319000;1603;run1;1.8869861314460668;[0.3972143184582133, 0.5521974068670089, 0.9375744061208444];25.821164945002238
3;320000;1612;run1;1.8869861314460779;[0.3972143184582133, 0.5521974068670202, 0.9375744061208444];25.925764548999723
3;321000;1615;run1;1.8869861314460799;[0.3972143184582133, 0.5521974068670221, 0.9375744061208444];25.975621848003357
3;322000;1622;run1;1.886986131446082;[0.3972143184582133, 0.5521974068670243, 0.9375744061208444];26.046774146001553
3;323000;1627;run1;1.886986131446084;[0.3972143184582133, 0.5521974068670265, 0.9375744061208444];26.13794509100262
3;324000;1633;run1;1.8869861314460865;[0.3972143184582133, 0.5521974068670288, 0.9375744061208444];26.236440695000056
3;325000;1636;run1;1.8869861314460872;[0.3972143184582133, 0.5521974068670294, 0.9375744061208444];26.285631853999803
3;326000;1645;run1;1.8869861314460892;[0.3972143184582133, 0.5521974068670314, 0.9375744061208444];26.35663836800086
3;327000;1651;run1;1.88698613144609;[0.3972143184582133, 0.5521974068670323, 0.9375744061208444];26.45240180499968
3;328000;1658;run1;1.8869861314460905;[0.3972143184582133, 0.5521974068670328, 0.9375744061208444];26.518960359004268
3;329000;1667;run1;1.8869861314460905;[0.3972143184582133, 0.5521974068670328, 0.9375744061208444];26.596408430006704
3;330000;1672;run1;1.8869861314460905;[0.3972143184582133, 0.5521974068670328, 0.9375744061208444];26.691686941005173
3;331000;1679;run1;1.8869861314460905;[0.3972143184582133, 0.5521974068670328, 0.9375744061208444];26.757972238003276
3;332000;1687;run1;1.8869861314460905;[0.3972143184582133, 0.5521974068670328, 0.9375744061208444];26.866197155002737
3;333000;1690;run1;1.8869861314460905;[0.3972143184582133, 0.5521974068670328, 0.9375744061208444];26.9169722190054
3;334000;1696;run1;1.8869861314460905;[0.3972143184582133, 0.5521974068670328, 0.9375744061208444];27.018511826005124
3;335000;1701;run1;1.8869861314460905;[0.3972143184582133, 0.5521974068670328, 0.9375744061208444];27.079342912002176
3;336000;1705;run1;1.8869861314460905;[0.3972143184582133, 0.5521974068670328, 0.9375744061208444];27.1693666880019
3;337000;1711;run1;1.8869861314460905;[0.3972143184582133, 0.5521974068670328, 0.9375744061208444];27.26803927600122
3;338000;1715;run1;1.8869861314460905;[0.3972143184582133, 0.5521974068670328, 0.9375744061208444];27.323437941005977
3;339000;1726;run1;1.8869861314460905;[0.3972143184582133, 0.5521974068670328, 0.9375744061208444];27.409060846999637
3;340000;1732;run1;1.8869861314460905;[0.3972143184582133, 0.5521974068670328, 0.9375744061208444];27.510241056006635
3;341000;1735;run1;1.8869861314460905;[0.3972143184582133, 0.5521974068670328, 0.9375744061208444];27.561765366001055
3;342000;1744;run1;1.8869861314460905;[0.3972143184582133, 0.5521974068670328, 0.9375744061208444];27.67704286600201
3;343000;1747;run1;1.8869861314460905;[0.3972143184582133, 0.5521974068670328, 0.9375744061208444];27.727301273000194
3;344000;1756;run1;1.8869861314460905;[0.3972143184582133, 0.5521974068670328, 0.9375744061208444];27.83862856500491
3;345000;1765;run1;1.8869861314460905;[0.3972143184582133, 0.5521974068670328, 0.9375744061208444];27.915433200003463
3;346000;1768;run1;1.8869861314460905;[0.3972143184582133, 0.5521974068670328, 0.9375744061208444];27.964225525000074
3;347000;1777;run1;1.8869861314460905;[0.3972143184582133, 0.5521974068670328, 0.9375744061208444];28.07515685800172
3;348000;1780;run1;1.8869861314460905;[0.3972143184582133, 0.5521974068670328, 0.9375744061208444];28.12544611400517
3;349000;1788;run1;1.8869861314460905;[0.3972143184582133, 0.5521974068670328, 0.9375744061208444];28.202359533999697
3;350000;1792;run1;1.8869861314460905;[0.3972143184582133, 0.5521974068670328, 0.9375744061208444];28.296502117002092
3;351000;1799;run1;1.8869861314460905;[0.3972143184582133, 0.5521974068670328, 0.9375744061208444];28.36468426000647
3;352000;1808;run1;1.8869861314460905;[0.3972143184582133, 0.5521974068670328, 0.9375744061208444];28.459396160003962
3;353000;1819;run1;1.8869861314460905;[0.3972143184582133, 0.5521974068670328, 0.9375744061208444];28.552766291002627
3;354000;1828;run1;1.8869861314460905;[0.3972143184582133, 0.5521974068670328, 0.9375744061208444];28.66995751899958
3;355000;1836;run1;1.8869861314460905;[0.3972143184582133, 0.5521974068670328, 0.9375744061208444];28.743656401005865
3;356000;1840;run1;1.8869861314460905;[0.3972143184582133, 0.5521974068670328, 0.9375744061208444];28.836624915005814
3;357000;1846;run1;1.8869861314460905;[0.3972143184582133, 0.5521974068670328, 0.9375744061208444];28.951457934002974
3;358000;1849;run1;1.8869861314460905;[0.3972143184582133, 0.5521974068670328, 0.9375744061208444];29.011384940000426
3;359000;1855;run1;1.8869861314460905;[0.3972143184582133, 0.5521974068670328, 0.9375744061208444];29.12132956800633
3;360000;1861;run1;1.8869861314460905;[0.3972143184582133, 0.5521974068670328, 0.9375744061208444];29.18895985800191
3;361000;1867;run1;1.8869861314460905;[0.3972143184582133, 0.5521974068670328, 0.9375744061208444];29.294627508999838
3;362000;1872;run1;1.8869861314460905;[0.3972143184582133, 0.5521974068670328, 0.9375744061208444];29.360968031003722
3;363000;1882;run1;1.8869861314460905;[0.3972143184582133, 0.5521974068670328, 0.9375744061208444];29.484051137005736
3;364000;1885;run1;1.8869861314460905;[0.3972143184582133, 0.5521974068670328, 0.9375744061208444];29.534998156006623
3;365000;1891;run1;1.8869861314460905;[0.3972143184582133, 0.5521974068670328, 0.9375744061208444];29.64324824000505
3;366000;1894;run1;1.8869861314460905;[0.3972143184582133, 0.5521974068670328, 0.9375744061208444];29.696328472004097
3;367000;1900;run1;1.8869861314460905;[0.3972143184582133, 0.5521974068670328, 0.9375744061208444];29.80877526000404
3;368000;1906;run1;1.8869861314460905;[0.3972143184582133, 0.5521974068670328, 0.9375744061208444];29.876532510003017
3;369000;1912;run1;1.8869861314460905;[0.3972143184582133, 0.5521974068670328, 0.9375744061208444];29.98207686800015
3;370000;1916;run1;1.8869861314460905;[0.3972143184582133, 0.5521974068670328, 0.9375744061208444];30.037935904001642
3;371000;1925;run1;1.8869861314460905;[0.3972143184582133, 0.5521974068670328, 0.9375744061208444];30.12230849500338
3;372000;1935;run1;1.8869861314460905;[0.3972143184582133, 0.5521974068670328, 0.9375744061208444];30.20375376300217
3;373000;1939;run1;1.8869861314460905;[0.3972143184582133, 0.5521974068670328, 0.9375744061208444];30.296227982005803
3;374000;1945;run1;1.8869861314460905;[0.3972143184582133, 0.5521974068670328, 0.9375744061208444];30.396752660002676
3;375000;1948;run1;1.8869861314460905;[0.3972143184582133, 0.5521974068670328, 0.9375744061208444];30.452657552006713
3;376000;1954;run1;1.8869861314460905;[0.3972143184582133, 0.5521974068670328, 0.9375744061208444];30.556120565001038
3;377000;1960;run1;1.8869861314460905;[0.3972143184582133, 0.5521974068670328, 0.9375744061208444];30.656197387004795
3;378000;1963;run1;1.8869861314460905;[0.3972143184582133, 0.5521974068670328, 0.9375744061208444];30.708118197006115
3;379000;1969;run1;1.8869861314460905;[0.3972143184582133, 0.5521974068670328, 0.9375744061208444];30.815633662001346
3;380000;1972;run1;1.8869861314460905;[0.3972143184582133, 0.5521974068670328, 0.9375744061208444];30.8683489630057
3;381000;1981;run1;1.8869861314460905;[0.3972143184582133, 0.5521974068670328, 0.9375744061208444];30.95242859100108
3;382000;1991;run1;1.8869861314460905;[0.3972143184582133, 0.5521974068670328, 0.9375744061208444];31.037834115006262
3;383000;1999;run1;1.8869861314460905;[0.3972143184582133, 0.5521974068670328, 0.9375744061208444];31.149273508999613
